gs://sign-language-videos-100/Top 100 Videos/69302.mp4,drink,0,inf
gs://sign-language-videos-100/Top 100 Videos/65539.mp4,drink,0,inf
gs://sign-language-videos-100/Top 100 Videos/17710.mp4,drink,0,inf
gs://sign-language-videos-100/Top 100 Videos/17733.mp4,drink,0,inf
gs://sign-language-videos-100/Top 100 Videos/65540.mp4,drink,0,inf
gs://sign-language-videos-100/Top 100 Videos/17734.mp4,drink,0,inf
gs://sign-language-videos-100/Top 100 Videos/17711.mp4,drink,0,inf
gs://sign-language-videos-100/Top 100 Videos/17712.mp4,drink,0,inf
gs://sign-language-videos-100/Top 100 Videos/17713.mp4,drink,0,inf
gs://sign-language-videos-100/Top 100 Videos/17709.mp4,drink,0,inf
gs://sign-language-videos-100/Top 100 Videos/17720.mp4,drink,0,inf
gs://sign-language-videos-100/Top 100 Videos/17721.mp4,drink,0,inf
gs://sign-language-videos-100/Top 100 Videos/17722.mp4,drink,0,inf
gs://sign-language-videos-100/Top 100 Videos/17723.mp4,drink,0,inf
gs://sign-language-videos-100/Top 100 Videos/17724.mp4,drink,0,inf
gs://sign-language-videos-100/Top 100 Videos/12328.mp4,computer,0,inf
gs://sign-language-videos-100/Top 100 Videos/12312.mp4,computer,0,inf
gs://sign-language-videos-100/Top 100 Videos/12311.mp4,computer,0,inf
gs://sign-language-videos-100/Top 100 Videos/12338.mp4,computer,0,inf
gs://sign-language-videos-100/Top 100 Videos/12313.mp4,computer,0,inf
gs://sign-language-videos-100/Top 100 Videos/12314.mp4,computer,0,inf
gs://sign-language-videos-100/Top 100 Videos/12315.mp4,computer,0,inf
gs://sign-language-videos-100/Top 100 Videos/12316.mp4,computer,0,inf
gs://sign-language-videos-100/Top 100 Videos/12317.mp4,computer,0,inf
gs://sign-language-videos-100/Top 100 Videos/12318.mp4,computer,0,inf
gs://sign-language-videos-100/Top 100 Videos/12319.mp4,computer,0,inf
gs://sign-language-videos-100/Top 100 Videos/12320.mp4,computer,0,inf
gs://sign-language-videos-100/Top 100 Videos/12326.mp4,computer,0,inf
gs://sign-language-videos-100/Top 100 Videos/12327.mp4,computer,0,inf
gs://sign-language-videos-100/Top 100 Videos/05728.mp4,before,0,inf
gs://sign-language-videos-100/Top 100 Videos/05749.mp4,before,0,inf
gs://sign-language-videos-100/Top 100 Videos/05750.mp4,before,0,inf
gs://sign-language-videos-100/Top 100 Videos/05729.mp4,before,0,inf
gs://sign-language-videos-100/Top 100 Videos/05730.mp4,before,0,inf
gs://sign-language-videos-100/Top 100 Videos/65167.mp4,before,0,inf
gs://sign-language-videos-100/Top 100 Videos/05731.mp4,before,0,inf
gs://sign-language-videos-100/Top 100 Videos/05732.mp4,before,0,inf
gs://sign-language-videos-100/Top 100 Videos/05733.mp4,before,0,inf
gs://sign-language-videos-100/Top 100 Videos/05734.mp4,before,0,inf
gs://sign-language-videos-100/Top 100 Videos/05727.mp4,before,0,inf
gs://sign-language-videos-100/Top 100 Videos/05739.mp4,before,0,inf
gs://sign-language-videos-100/Top 100 Videos/05740.mp4,before,0,inf
gs://sign-language-videos-100/Top 100 Videos/05741.mp4,before,0,inf
gs://sign-language-videos-100/Top 100 Videos/05742.mp4,before,0,inf
gs://sign-language-videos-100/Top 100 Videos/05743.mp4,before,0,inf
gs://sign-language-videos-100/Top 100 Videos/69345.mp4,go,0,inf
gs://sign-language-videos-100/Top 100 Videos/24955.mp4,go,0,inf
gs://sign-language-videos-100/Top 100 Videos/24956.mp4,go,0,inf
gs://sign-language-videos-100/Top 100 Videos/24941.mp4,go,0,inf
gs://sign-language-videos-100/Top 100 Videos/24960.mp4,go,0,inf
gs://sign-language-videos-100/Top 100 Videos/24961.mp4,go,0,inf
gs://sign-language-videos-100/Top 100 Videos/24962.mp4,go,0,inf
gs://sign-language-videos-100/Top 100 Videos/65824.mp4,go,0,inf
gs://sign-language-videos-100/Top 100 Videos/24973.mp4,go,0,inf
gs://sign-language-videos-100/Top 100 Videos/24943.mp4,go,0,inf
gs://sign-language-videos-100/Top 100 Videos/24946.mp4,go,0,inf
gs://sign-language-videos-100/Top 100 Videos/24947.mp4,go,0,inf
gs://sign-language-videos-100/Top 100 Videos/24940.mp4,go,0,inf
gs://sign-language-videos-100/Top 100 Videos/24952.mp4,go,0,inf
gs://sign-language-videos-100/Top 100 Videos/24954.mp4,go,0,inf
gs://sign-language-videos-100/Top 100 Videos/69534.mp4,who,0,inf
gs://sign-language-videos-100/Top 100 Videos/63242.mp4,who,0,inf
gs://sign-language-videos-100/Top 100 Videos/63226.mp4,who,0,inf
gs://sign-language-videos-100/Top 100 Videos/63227.mp4,who,0,inf
gs://sign-language-videos-100/Top 100 Videos/63228.mp4,who,0,inf
gs://sign-language-videos-100/Top 100 Videos/63229.mp4,who,0,inf
gs://sign-language-videos-100/Top 100 Videos/63230.mp4,who,0,inf
gs://sign-language-videos-100/Top 100 Videos/63231.mp4,who,0,inf
gs://sign-language-videos-100/Top 100 Videos/66778.mp4,who,0,inf
gs://sign-language-videos-100/Top 100 Videos/63232.mp4,who,0,inf
gs://sign-language-videos-100/Top 100 Videos/66779.mp4,who,0,inf
gs://sign-language-videos-100/Top 100 Videos/63225.mp4,who,0,inf
gs://sign-language-videos-100/Top 100 Videos/63236.mp4,who,0,inf
gs://sign-language-videos-100/Top 100 Videos/63237.mp4,who,0,inf
gs://sign-language-videos-100/Top 100 Videos/08929.mp4,candy,0,inf
gs://sign-language-videos-100/Top 100 Videos/08916.mp4,candy,0,inf
gs://sign-language-videos-100/Top 100 Videos/08917.mp4,candy,0,inf
gs://sign-language-videos-100/Top 100 Videos/08918.mp4,candy,0,inf
gs://sign-language-videos-100/Top 100 Videos/08919.mp4,candy,0,inf
gs://sign-language-videos-100/Top 100 Videos/08920.mp4,candy,0,inf
gs://sign-language-videos-100/Top 100 Videos/08921.mp4,candy,0,inf
gs://sign-language-videos-100/Top 100 Videos/65298.mp4,candy,0,inf
gs://sign-language-videos-100/Top 100 Videos/08924.mp4,candy,0,inf
gs://sign-language-videos-100/Top 100 Videos/65299.mp4,candy,0,inf
gs://sign-language-videos-100/Top 100 Videos/65300.mp4,candy,0,inf
gs://sign-language-videos-100/Top 100 Videos/08915.mp4,candy,0,inf
gs://sign-language-videos-100/Top 100 Videos/08925.mp4,candy,0,inf
gs://sign-language-videos-100/Top 100 Videos/65415.mp4,cousin,0,inf
gs://sign-language-videos-100/Top 100 Videos/13647.mp4,cousin,0,inf
gs://sign-language-videos-100/Top 100 Videos/13648.mp4,cousin,0,inf
gs://sign-language-videos-100/Top 100 Videos/13631.mp4,cousin,0,inf
gs://sign-language-videos-100/Top 100 Videos/13632.mp4,cousin,0,inf
gs://sign-language-videos-100/Top 100 Videos/13633.mp4,cousin,0,inf
gs://sign-language-videos-100/Top 100 Videos/13634.mp4,cousin,0,inf
gs://sign-language-videos-100/Top 100 Videos/13635.mp4,cousin,0,inf
gs://sign-language-videos-100/Top 100 Videos/13636.mp4,cousin,0,inf
gs://sign-language-videos-100/Top 100 Videos/13630.mp4,cousin,0,inf
gs://sign-language-videos-100/Top 100 Videos/13640.mp4,cousin,0,inf
gs://sign-language-videos-100/Top 100 Videos/13641.mp4,cousin,0,inf
gs://sign-language-videos-100/Top 100 Videos/13642.mp4,cousin,0,inf
gs://sign-language-videos-100/Top 100 Videos/13646.mp4,cousin,0,inf
gs://sign-language-videos-100/Top 100 Videos/14882.mp4,deaf,0,inf
gs://sign-language-videos-100/Top 100 Videos/14903.mp4,deaf,0,inf
gs://sign-language-videos-100/Top 100 Videos/14883.mp4,deaf,0,inf
gs://sign-language-videos-100/Top 100 Videos/14884.mp4,deaf,0,inf
gs://sign-language-videos-100/Top 100 Videos/14885.mp4,deaf,0,inf
gs://sign-language-videos-100/Top 100 Videos/14886.mp4,deaf,0,inf
gs://sign-language-videos-100/Top 100 Videos/65445.mp4,deaf,0,inf
gs://sign-language-videos-100/Top 100 Videos/14887.mp4,deaf,0,inf
gs://sign-language-videos-100/Top 100 Videos/14888.mp4,deaf,0,inf
gs://sign-language-videos-100/Top 100 Videos/14893.mp4,deaf,0,inf
gs://sign-language-videos-100/Top 100 Videos/14894.mp4,deaf,0,inf
gs://sign-language-videos-100/Top 100 Videos/69364.mp4,help,0,inf
gs://sign-language-videos-100/Top 100 Videos/27221.mp4,help,0,inf
gs://sign-language-videos-100/Top 100 Videos/27206.mp4,help,0,inf
gs://sign-language-videos-100/Top 100 Videos/27207.mp4,help,0,inf
gs://sign-language-videos-100/Top 100 Videos/27208.mp4,help,0,inf
gs://sign-language-videos-100/Top 100 Videos/27209.mp4,help,0,inf
gs://sign-language-videos-100/Top 100 Videos/65890.mp4,help,0,inf
gs://sign-language-videos-100/Top 100 Videos/27213.mp4,help,0,inf
gs://sign-language-videos-100/Top 100 Videos/27214.mp4,help,0,inf
gs://sign-language-videos-100/Top 100 Videos/65891.mp4,help,0,inf
gs://sign-language-videos-100/Top 100 Videos/65889.mp4,help,0,inf
gs://sign-language-videos-100/Top 100 Videos/27215.mp4,help,0,inf
gs://sign-language-videos-100/Top 100 Videos/27216.mp4,help,0,inf
gs://sign-language-videos-100/Top 100 Videos/27217.mp4,help,0,inf
gs://sign-language-videos-100/Top 100 Videos/69411.mp4,no,0,inf
gs://sign-language-videos-100/Top 100 Videos/38525.mp4,no,0,inf
gs://sign-language-videos-100/Top 100 Videos/38544.mp4,no,0,inf
gs://sign-language-videos-100/Top 100 Videos/38527.mp4,no,0,inf
gs://sign-language-videos-100/Top 100 Videos/38529.mp4,no,0,inf
gs://sign-language-videos-100/Top 100 Videos/38530.mp4,no,0,inf
gs://sign-language-videos-100/Top 100 Videos/38532.mp4,no,0,inf
gs://sign-language-videos-100/Top 100 Videos/38533.mp4,no,0,inf
gs://sign-language-videos-100/Top 100 Videos/66183.mp4,no,0,inf
gs://sign-language-videos-100/Top 100 Videos/38524.mp4,no,0,inf
gs://sign-language-videos-100/Top 100 Videos/38534.mp4,no,0,inf
gs://sign-language-videos-100/Top 100 Videos/57948.mp4,thin,0,inf
gs://sign-language-videos-100/Top 100 Videos/57949.mp4,thin,0,inf
gs://sign-language-videos-100/Top 100 Videos/57934.mp4,thin,0,inf
gs://sign-language-videos-100/Top 100 Videos/57953.mp4,thin,0,inf
gs://sign-language-videos-100/Top 100 Videos/57935.mp4,thin,0,inf
gs://sign-language-videos-100/Top 100 Videos/57936.mp4,thin,0,inf
gs://sign-language-videos-100/Top 100 Videos/57937.mp4,thin,0,inf
gs://sign-language-videos-100/Top 100 Videos/66606.mp4,thin,0,inf
gs://sign-language-videos-100/Top 100 Videos/57939.mp4,thin,0,inf
gs://sign-language-videos-100/Top 100 Videos/57940.mp4,thin,0,inf
gs://sign-language-videos-100/Top 100 Videos/57941.mp4,thin,0,inf
gs://sign-language-videos-100/Top 100 Videos/57942.mp4,thin,0,inf
gs://sign-language-videos-100/Top 100 Videos/66607.mp4,thin,0,inf
gs://sign-language-videos-100/Top 100 Videos/57933.mp4,thin,0,inf
gs://sign-language-videos-100/Top 100 Videos/57943.mp4,thin,0,inf
gs://sign-language-videos-100/Top 100 Videos/57947.mp4,thin,0,inf
gs://sign-language-videos-100/Top 100 Videos/62175.mp4,walk,0,inf
gs://sign-language-videos-100/Top 100 Videos/62159.mp4,walk,0,inf
gs://sign-language-videos-100/Top 100 Videos/62160.mp4,walk,0,inf
gs://sign-language-videos-100/Top 100 Videos/62163.mp4,walk,0,inf
gs://sign-language-videos-100/Top 100 Videos/62164.mp4,walk,0,inf
gs://sign-language-videos-100/Top 100 Videos/66743.mp4,walk,0,inf
gs://sign-language-videos-100/Top 100 Videos/66742.mp4,walk,0,inf
gs://sign-language-videos-100/Top 100 Videos/62158.mp4,walk,0,inf
gs://sign-language-videos-100/Top 100 Videos/62168.mp4,walk,0,inf
gs://sign-language-videos-100/Top 100 Videos/62169.mp4,walk,0,inf
gs://sign-language-videos-100/Top 100 Videos/62170.mp4,walk,0,inf
gs://sign-language-videos-100/Top 100 Videos/64211.mp4,year,0,inf
gs://sign-language-videos-100/Top 100 Videos/64224.mp4,year,0,inf
gs://sign-language-videos-100/Top 100 Videos/64210.mp4,year,0,inf
gs://sign-language-videos-100/Top 100 Videos/64212.mp4,year,0,inf
gs://sign-language-videos-100/Top 100 Videos/66818.mp4,year,0,inf
gs://sign-language-videos-100/Top 100 Videos/64213.mp4,year,0,inf
gs://sign-language-videos-100/Top 100 Videos/66816.mp4,year,0,inf
gs://sign-language-videos-100/Top 100 Videos/64209.mp4,year,0,inf
gs://sign-language-videos-100/Top 100 Videos/64219.mp4,year,0,inf
gs://sign-language-videos-100/Top 100 Videos/64218.mp4,year,0,inf
gs://sign-language-videos-100/Top 100 Videos/69546.mp4,yes,0,inf
gs://sign-language-videos-100/Top 100 Videos/64287.mp4,yes,0,inf
gs://sign-language-videos-100/Top 100 Videos/64284.mp4,yes,0,inf
gs://sign-language-videos-100/Top 100 Videos/64291.mp4,yes,0,inf
gs://sign-language-videos-100/Top 100 Videos/64292.mp4,yes,0,inf
gs://sign-language-videos-100/Top 100 Videos/64293.mp4,yes,0,inf
gs://sign-language-videos-100/Top 100 Videos/66820.mp4,yes,0,inf
gs://sign-language-videos-100/Top 100 Videos/64280.mp4,yes,0,inf
gs://sign-language-videos-100/Top 100 Videos/64300.mp4,yes,0,inf
gs://sign-language-videos-100/Top 100 Videos/64281.mp4,yes,0,inf
gs://sign-language-videos-100/Top 100 Videos/64288.mp4,yes,0,inf
gs://sign-language-videos-100/Top 100 Videos/64283.mp4,yes,0,inf
gs://sign-language-videos-100/Top 100 Videos/69236.mp4,black,0,inf
gs://sign-language-videos-100/Top 100 Videos/06472.mp4,black,0,inf
gs://sign-language-videos-100/Top 100 Videos/06473.mp4,black,0,inf
gs://sign-language-videos-100/Top 100 Videos/06474.mp4,black,0,inf
gs://sign-language-videos-100/Top 100 Videos/06476.mp4,black,0,inf
gs://sign-language-videos-100/Top 100 Videos/06477.mp4,black,0,inf
gs://sign-language-videos-100/Top 100 Videos/06478.mp4,black,0,inf
gs://sign-language-videos-100/Top 100 Videos/65200.mp4,black,0,inf
gs://sign-language-videos-100/Top 100 Videos/06471.mp4,black,0,inf
gs://sign-language-videos-100/Top 100 Videos/06486.mp4,black,0,inf
gs://sign-language-videos-100/Top 100 Videos/69281.mp4,cool,0,inf
gs://sign-language-videos-100/Top 100 Videos/65403.mp4,cool,0,inf
gs://sign-language-videos-100/Top 100 Videos/13213.mp4,cool,0,inf
gs://sign-language-videos-100/Top 100 Videos/13197.mp4,cool,0,inf
gs://sign-language-videos-100/Top 100 Videos/13216.mp4,cool,0,inf
gs://sign-language-videos-100/Top 100 Videos/13217.mp4,cool,0,inf
gs://sign-language-videos-100/Top 100 Videos/13198.mp4,cool,0,inf
gs://sign-language-videos-100/Top 100 Videos/13199.mp4,cool,0,inf
gs://sign-language-videos-100/Top 100 Videos/13200.mp4,cool,0,inf
gs://sign-language-videos-100/Top 100 Videos/13201.mp4,cool,0,inf
gs://sign-language-videos-100/Top 100 Videos/65402.mp4,cool,0,inf
gs://sign-language-videos-100/Top 100 Videos/13202.mp4,cool,0,inf
gs://sign-language-videos-100/Top 100 Videos/13203.mp4,cool,0,inf
gs://sign-language-videos-100/Top 100 Videos/13196.mp4,cool,0,inf
gs://sign-language-videos-100/Top 100 Videos/13208.mp4,cool,0,inf
gs://sign-language-videos-100/Top 100 Videos/13209.mp4,cool,0,inf
gs://sign-language-videos-100/Top 100 Videos/69368.mp4,hot,0,inf
gs://sign-language-videos-100/Top 100 Videos/28125.mp4,hot,0,inf
gs://sign-language-videos-100/Top 100 Videos/28108.mp4,hot,0,inf
gs://sign-language-videos-100/Top 100 Videos/28109.mp4,hot,0,inf
gs://sign-language-videos-100/Top 100 Videos/28110.mp4,hot,0,inf
gs://sign-language-videos-100/Top 100 Videos/28111.mp4,hot,0,inf
gs://sign-language-videos-100/Top 100 Videos/28112.mp4,hot,0,inf
gs://sign-language-videos-100/Top 100 Videos/28115.mp4,hot,0,inf
gs://sign-language-videos-100/Top 100 Videos/28116.mp4,hot,0,inf
gs://sign-language-videos-100/Top 100 Videos/28107.mp4,hot,0,inf
gs://sign-language-videos-100/Top 100 Videos/69389.mp4,like,0,inf
gs://sign-language-videos-100/Top 100 Videos/33266.mp4,like,0,inf
gs://sign-language-videos-100/Top 100 Videos/33285.mp4,like,0,inf
gs://sign-language-videos-100/Top 100 Videos/33267.mp4,like,0,inf
gs://sign-language-videos-100/Top 100 Videos/33286.mp4,like,0,inf
gs://sign-language-videos-100/Top 100 Videos/33268.mp4,like,0,inf
gs://sign-language-videos-100/Top 100 Videos/33269.mp4,like,0,inf
gs://sign-language-videos-100/Top 100 Videos/33270.mp4,like,0,inf
gs://sign-language-videos-100/Top 100 Videos/33273.mp4,like,0,inf
gs://sign-language-videos-100/Top 100 Videos/33274.mp4,like,0,inf
gs://sign-language-videos-100/Top 100 Videos/69396.mp4,many,0,inf
gs://sign-language-videos-100/Top 100 Videos/34823.mp4,many,0,inf
gs://sign-language-videos-100/Top 100 Videos/34824.mp4,many,0,inf
gs://sign-language-videos-100/Top 100 Videos/34825.mp4,many,0,inf
gs://sign-language-videos-100/Top 100 Videos/34826.mp4,many,0,inf
gs://sign-language-videos-100/Top 100 Videos/34827.mp4,many,0,inf
gs://sign-language-videos-100/Top 100 Videos/34830.mp4,many,0,inf
gs://sign-language-videos-100/Top 100 Videos/34831.mp4,many,0,inf
gs://sign-language-videos-100/Top 100 Videos/34832.mp4,many,0,inf
gs://sign-language-videos-100/Top 100 Videos/34839.mp4,many,0,inf
gs://sign-language-videos-100/Top 100 Videos/69402.mp4,mother,0,inf
gs://sign-language-videos-100/Top 100 Videos/36946.mp4,mother,0,inf
gs://sign-language-videos-100/Top 100 Videos/36930.mp4,mother,0,inf
gs://sign-language-videos-100/Top 100 Videos/36931.mp4,mother,0,inf
gs://sign-language-videos-100/Top 100 Videos/36932.mp4,mother,0,inf
gs://sign-language-videos-100/Top 100 Videos/36933.mp4,mother,0,inf
gs://sign-language-videos-100/Top 100 Videos/36936.mp4,mother,0,inf
gs://sign-language-videos-100/Top 100 Videos/36937.mp4,mother,0,inf
gs://sign-language-videos-100/Top 100 Videos/66147.mp4,mother,0,inf
gs://sign-language-videos-100/Top 100 Videos/66146.mp4,mother,0,inf
gs://sign-language-videos-100/Top 100 Videos/36929.mp4,mother,0,inf
gs://sign-language-videos-100/Top 100 Videos/69422.mp4,orange,0,inf
gs://sign-language-videos-100/Top 100 Videos/40115.mp4,orange,0,inf
gs://sign-language-videos-100/Top 100 Videos/40116.mp4,orange,0,inf
gs://sign-language-videos-100/Top 100 Videos/40117.mp4,orange,0,inf
gs://sign-language-videos-100/Top 100 Videos/40118.mp4,orange,0,inf
gs://sign-language-videos-100/Top 100 Videos/40119.mp4,orange,0,inf
gs://sign-language-videos-100/Top 100 Videos/40121.mp4,orange,0,inf
gs://sign-language-videos-100/Top 100 Videos/66246.mp4,orange,0,inf
gs://sign-language-videos-100/Top 100 Videos/40129.mp4,orange,0,inf
gs://sign-language-videos-100/Top 100 Videos/40130.mp4,orange,0,inf
gs://sign-language-videos-100/Top 100 Videos/57628.mp4,thanksgiving,0,inf
gs://sign-language-videos-100/Top 100 Videos/57647.mp4,thanksgiving,0,inf
gs://sign-language-videos-100/Top 100 Videos/57629.mp4,thanksgiving,0,inf
gs://sign-language-videos-100/Top 100 Videos/57630.mp4,thanksgiving,0,inf
gs://sign-language-videos-100/Top 100 Videos/57631.mp4,thanksgiving,0,inf
gs://sign-language-videos-100/Top 100 Videos/57632.mp4,thanksgiving,0,inf
gs://sign-language-videos-100/Top 100 Videos/57633.mp4,thanksgiving,0,inf
gs://sign-language-videos-100/Top 100 Videos/57634.mp4,thanksgiving,0,inf
gs://sign-language-videos-100/Top 100 Videos/57635.mp4,thanksgiving,0,inf
gs://sign-language-videos-100/Top 100 Videos/57638.mp4,thanksgiving,0,inf
gs://sign-language-videos-100/Top 100 Videos/57639.mp4,thanksgiving,0,inf
gs://sign-language-videos-100/Top 100 Videos/57640.mp4,thanksgiving,0,inf
gs://sign-language-videos-100/Top 100 Videos/57641.mp4,thanksgiving,0,inf
gs://sign-language-videos-100/Top 100 Videos/69531.mp4,what,0,inf
gs://sign-language-videos-100/Top 100 Videos/62967.mp4,what,0,inf
gs://sign-language-videos-100/Top 100 Videos/62968.mp4,what,0,inf
gs://sign-language-videos-100/Top 100 Videos/62970.mp4,what,0,inf
gs://sign-language-videos-100/Top 100 Videos/66769.mp4,what,0,inf
gs://sign-language-videos-100/Top 100 Videos/62987.mp4,what,0,inf
gs://sign-language-videos-100/Top 100 Videos/62964.mp4,what,0,inf
gs://sign-language-videos-100/Top 100 Videos/62988.mp4,what,0,inf
gs://sign-language-videos-100/Top 100 Videos/62975.mp4,what,0,inf
gs://sign-language-videos-100/Top 100 Videos/62965.mp4,what,0,inf
gs://sign-language-videos-100/Top 100 Videos/62979.mp4,what,0,inf
gs://sign-language-videos-100/Top 100 Videos/62966.mp4,what,0,inf
gs://sign-language-videos-100/Top 100 Videos/63679.mp4,woman,0,inf
gs://sign-language-videos-100/Top 100 Videos/63665.mp4,woman,0,inf
gs://sign-language-videos-100/Top 100 Videos/63666.mp4,woman,0,inf
gs://sign-language-videos-100/Top 100 Videos/63667.mp4,woman,0,inf
gs://sign-language-videos-100/Top 100 Videos/63668.mp4,woman,0,inf
gs://sign-language-videos-100/Top 100 Videos/63669.mp4,woman,0,inf
gs://sign-language-videos-100/Top 100 Videos/63672.mp4,woman,0,inf
gs://sign-language-videos-100/Top 100 Videos/63673.mp4,woman,0,inf
gs://sign-language-videos-100/Top 100 Videos/66798.mp4,woman,0,inf
gs://sign-language-videos-100/Top 100 Videos/66799.mp4,woman,0,inf
gs://sign-language-videos-100/Top 100 Videos/63664.mp4,woman,0,inf
gs://sign-language-videos-100/Top 100 Videos/05644.mp4,bed,0,inf
gs://sign-language-videos-100/Top 100 Videos/05629.mp4,bed,0,inf
gs://sign-language-videos-100/Top 100 Videos/05630.mp4,bed,0,inf
gs://sign-language-videos-100/Top 100 Videos/05631.mp4,bed,0,inf
gs://sign-language-videos-100/Top 100 Videos/05632.mp4,bed,0,inf
gs://sign-language-videos-100/Top 100 Videos/05633.mp4,bed,0,inf
gs://sign-language-videos-100/Top 100 Videos/05634.mp4,bed,0,inf
gs://sign-language-videos-100/Top 100 Videos/05636.mp4,bed,0,inf
gs://sign-language-videos-100/Top 100 Videos/65162.mp4,bed,0,inf
gs://sign-language-videos-100/Top 100 Videos/05637.mp4,bed,0,inf
gs://sign-language-videos-100/Top 100 Videos/65163.mp4,bed,0,inf
gs://sign-language-videos-100/Top 100 Videos/65161.mp4,bed,0,inf
gs://sign-language-videos-100/Top 100 Videos/05638.mp4,bed,0,inf
gs://sign-language-videos-100/Top 100 Videos/07389.mp4,bowling,0,inf
gs://sign-language-videos-100/Top 100 Videos/07390.mp4,bowling,0,inf
gs://sign-language-videos-100/Top 100 Videos/07391.mp4,bowling,0,inf
gs://sign-language-videos-100/Top 100 Videos/07392.mp4,bowling,0,inf
gs://sign-language-videos-100/Top 100 Videos/07393.mp4,bowling,0,inf
gs://sign-language-videos-100/Top 100 Videos/07394.mp4,bowling,0,inf
gs://sign-language-videos-100/Top 100 Videos/07397.mp4,bowling,0,inf
gs://sign-language-videos-100/Top 100 Videos/65242.mp4,bowling,0,inf
gs://sign-language-videos-100/Top 100 Videos/65241.mp4,bowling,0,inf
gs://sign-language-videos-100/Top 100 Videos/07388.mp4,bowling,0,inf
gs://sign-language-videos-100/Top 100 Videos/07398.mp4,bowling,0,inf
gs://sign-language-videos-100/Top 100 Videos/07399.mp4,bowling,0,inf
gs://sign-language-videos-100/Top 100 Videos/07400.mp4,bowling,0,inf
gs://sign-language-videos-100/Top 100 Videos/69298.mp4,dog,0,inf
gs://sign-language-videos-100/Top 100 Videos/17097.mp4,dog,0,inf
gs://sign-language-videos-100/Top 100 Videos/17084.mp4,dog,0,inf
gs://sign-language-videos-100/Top 100 Videos/17085.mp4,dog,0,inf
gs://sign-language-videos-100/Top 100 Videos/17086.mp4,dog,0,inf
gs://sign-language-videos-100/Top 100 Videos/17087.mp4,dog,0,inf
gs://sign-language-videos-100/Top 100 Videos/17090.mp4,dog,0,inf
gs://sign-language-videos-100/Top 100 Videos/17091.mp4,dog,0,inf
gs://sign-language-videos-100/Top 100 Videos/65506.mp4,dog,0,inf
gs://sign-language-videos-100/Top 100 Videos/65507.mp4,dog,0,inf
gs://sign-language-videos-100/Top 100 Videos/17083.mp4,dog,0,inf
gs://sign-language-videos-100/Top 100 Videos/69316.mp4,family,0,inf
gs://sign-language-videos-100/Top 100 Videos/20980.mp4,family,0,inf
gs://sign-language-videos-100/Top 100 Videos/20981.mp4,family,0,inf
gs://sign-language-videos-100/Top 100 Videos/20982.mp4,family,0,inf
gs://sign-language-videos-100/Top 100 Videos/20983.mp4,family,0,inf
gs://sign-language-videos-100/Top 100 Videos/20986.mp4,family,0,inf
gs://sign-language-videos-100/Top 100 Videos/20987.mp4,family,0,inf
gs://sign-language-videos-100/Top 100 Videos/65677.mp4,family,0,inf
gs://sign-language-videos-100/Top 100 Videos/20978.mp4,family,0,inf
gs://sign-language-videos-100/Top 100 Videos/20992.mp4,family,0,inf
gs://sign-language-videos-100/Top 100 Videos/20979.mp4,family,0,inf
gs://sign-language-videos-100/Top 100 Videos/69325.mp4,fish,0,inf
gs://sign-language-videos-100/Top 100 Videos/22130.mp4,fish,0,inf
gs://sign-language-videos-100/Top 100 Videos/22114.mp4,fish,0,inf
gs://sign-language-videos-100/Top 100 Videos/22115.mp4,fish,0,inf
gs://sign-language-videos-100/Top 100 Videos/22116.mp4,fish,0,inf
gs://sign-language-videos-100/Top 100 Videos/22117.mp4,fish,0,inf
gs://sign-language-videos-100/Top 100 Videos/22120.mp4,fish,0,inf
gs://sign-language-videos-100/Top 100 Videos/22121.mp4,fish,0,inf
gs://sign-language-videos-100/Top 100 Videos/65731.mp4,fish,0,inf
gs://sign-language-videos-100/Top 100 Videos/22113.mp4,fish,0,inf
gs://sign-language-videos-100/Top 100 Videos/25339.mp4,graduate,0,inf
gs://sign-language-videos-100/Top 100 Videos/25322.mp4,graduate,0,inf
gs://sign-language-videos-100/Top 100 Videos/25323.mp4,graduate,0,inf
gs://sign-language-videos-100/Top 100 Videos/25324.mp4,graduate,0,inf
gs://sign-language-videos-100/Top 100 Videos/25325.mp4,graduate,0,inf
gs://sign-language-videos-100/Top 100 Videos/25326.mp4,graduate,0,inf
gs://sign-language-videos-100/Top 100 Videos/65843.mp4,graduate,0,inf
gs://sign-language-videos-100/Top 100 Videos/25329.mp4,graduate,0,inf
gs://sign-language-videos-100/Top 100 Videos/25330.mp4,graduate,0,inf
gs://sign-language-videos-100/Top 100 Videos/25321.mp4,graduate,0,inf
gs://sign-language-videos-100/Top 100 Videos/32156.mp4,language,0,inf
gs://sign-language-videos-100/Top 100 Videos/32157.mp4,language,0,inf
gs://sign-language-videos-100/Top 100 Videos/32158.mp4,language,0,inf
gs://sign-language-videos-100/Top 100 Videos/32160.mp4,language,0,inf
gs://sign-language-videos-100/Top 100 Videos/32163.mp4,language,0,inf
gs://sign-language-videos-100/Top 100 Videos/66008.mp4,language,0,inf
gs://sign-language-videos-100/Top 100 Videos/66007.mp4,language,0,inf
gs://sign-language-videos-100/Top 100 Videos/32154.mp4,language,0,inf
gs://sign-language-videos-100/Top 100 Videos/32167.mp4,language,0,inf
gs://sign-language-videos-100/Top 100 Videos/32155.mp4,language,0,inf
gs://sign-language-videos-100/Top 100 Videos/32337.mp4,later,0,inf
gs://sign-language-videos-100/Top 100 Videos/32338.mp4,later,0,inf
gs://sign-language-videos-100/Top 100 Videos/32320.mp4,later,0,inf
gs://sign-language-videos-100/Top 100 Videos/32321.mp4,later,0,inf
gs://sign-language-videos-100/Top 100 Videos/32322.mp4,later,0,inf
gs://sign-language-videos-100/Top 100 Videos/32323.mp4,later,0,inf
gs://sign-language-videos-100/Top 100 Videos/32324.mp4,later,0,inf
gs://sign-language-videos-100/Top 100 Videos/32325.mp4,later,0,inf
gs://sign-language-videos-100/Top 100 Videos/66015.mp4,later,0,inf
gs://sign-language-videos-100/Top 100 Videos/32326.mp4,later,0,inf
gs://sign-language-videos-100/Top 100 Videos/66014.mp4,later,0,inf
gs://sign-language-videos-100/Top 100 Videos/32333.mp4,later,0,inf
gs://sign-language-videos-100/Top 100 Videos/69395.mp4,man,0,inf
gs://sign-language-videos-100/Top 100 Videos/34746.mp4,man,0,inf
gs://sign-language-videos-100/Top 100 Videos/34733.mp4,man,0,inf
gs://sign-language-videos-100/Top 100 Videos/34734.mp4,man,0,inf
gs://sign-language-videos-100/Top 100 Videos/34736.mp4,man,0,inf
gs://sign-language-videos-100/Top 100 Videos/34737.mp4,man,0,inf
gs://sign-language-videos-100/Top 100 Videos/34738.mp4,man,0,inf
gs://sign-language-videos-100/Top 100 Videos/66098.mp4,man,0,inf
gs://sign-language-videos-100/Top 100 Videos/66099.mp4,man,0,inf
gs://sign-language-videos-100/Top 100 Videos/66097.mp4,man,0,inf
gs://sign-language-videos-100/Top 100 Videos/34732.mp4,man,0,inf
gs://sign-language-videos-100/Top 100 Videos/34742.mp4,man,0,inf
gs://sign-language-videos-100/Top 100 Videos/51057.mp4,shirt,0,inf
gs://sign-language-videos-100/Top 100 Videos/51081.mp4,shirt,0,inf
gs://sign-language-videos-100/Top 100 Videos/51056.mp4,shirt,0,inf
gs://sign-language-videos-100/Top 100 Videos/51058.mp4,shirt,0,inf
gs://sign-language-videos-100/Top 100 Videos/51059.mp4,shirt,0,inf
gs://sign-language-videos-100/Top 100 Videos/51060.mp4,shirt,0,inf
gs://sign-language-videos-100/Top 100 Videos/51061.mp4,shirt,0,inf
gs://sign-language-videos-100/Top 100 Videos/51063.mp4,shirt,0,inf
gs://sign-language-videos-100/Top 100 Videos/51064.mp4,shirt,0,inf
gs://sign-language-videos-100/Top 100 Videos/51066.mp4,shirt,0,inf
gs://sign-language-videos-100/Top 100 Videos/51067.mp4,shirt,0,inf
gs://sign-language-videos-100/Top 100 Videos/51068.mp4,shirt,0,inf
gs://sign-language-videos-100/Top 100 Videos/55364.mp4,study,0,inf
gs://sign-language-videos-100/Top 100 Videos/55365.mp4,study,0,inf
gs://sign-language-videos-100/Top 100 Videos/55366.mp4,study,0,inf
gs://sign-language-videos-100/Top 100 Videos/55368.mp4,study,0,inf
gs://sign-language-videos-100/Top 100 Videos/55369.mp4,study,0,inf
gs://sign-language-videos-100/Top 100 Videos/66575.mp4,study,0,inf
gs://sign-language-videos-100/Top 100 Videos/55361.mp4,study,0,inf
gs://sign-language-videos-100/Top 100 Videos/55375.mp4,study,0,inf
gs://sign-language-videos-100/Top 100 Videos/55362.mp4,study,0,inf
gs://sign-language-videos-100/Top 100 Videos/55363.mp4,study,0,inf
gs://sign-language-videos-100/Top 100 Videos/56852.mp4,tall,0,inf
gs://sign-language-videos-100/Top 100 Videos/56838.mp4,tall,0,inf
gs://sign-language-videos-100/Top 100 Videos/56839.mp4,tall,0,inf
gs://sign-language-videos-100/Top 100 Videos/56840.mp4,tall,0,inf
gs://sign-language-videos-100/Top 100 Videos/56841.mp4,tall,0,inf
gs://sign-language-videos-100/Top 100 Videos/56842.mp4,tall,0,inf
gs://sign-language-videos-100/Top 100 Videos/56843.mp4,tall,0,inf
gs://sign-language-videos-100/Top 100 Videos/56844.mp4,tall,0,inf
gs://sign-language-videos-100/Top 100 Videos/66591.mp4,tall,0,inf
gs://sign-language-videos-100/Top 100 Videos/56846.mp4,tall,0,inf
gs://sign-language-videos-100/Top 100 Videos/66592.mp4,tall,0,inf
gs://sign-language-videos-100/Top 100 Videos/56837.mp4,tall,0,inf
gs://sign-language-videos-100/Top 100 Videos/56848.mp4,tall,0,inf
gs://sign-language-videos-100/Top 100 Videos/69533.mp4,white,0,inf
gs://sign-language-videos-100/Top 100 Videos/63204.mp4,white,0,inf
gs://sign-language-videos-100/Top 100 Videos/63205.mp4,white,0,inf
gs://sign-language-videos-100/Top 100 Videos/63207.mp4,white,0,inf
gs://sign-language-videos-100/Top 100 Videos/63208.mp4,white,0,inf
gs://sign-language-videos-100/Top 100 Videos/63200.mp4,white,0,inf
gs://sign-language-videos-100/Top 100 Videos/63214.mp4,white,0,inf
gs://sign-language-videos-100/Top 100 Videos/63201.mp4,white,0,inf
gs://sign-language-videos-100/Top 100 Videos/63202.mp4,white,0,inf
gs://sign-language-videos-100/Top 100 Videos/63203.mp4,white,0,inf
gs://sign-language-videos-100/Top 100 Videos/00639.mp4,accident,0,inf
gs://sign-language-videos-100/Top 100 Videos/00624.mp4,accident,0,inf
gs://sign-language-videos-100/Top 100 Videos/00625.mp4,accident,0,inf
gs://sign-language-videos-100/Top 100 Videos/00626.mp4,accident,0,inf
gs://sign-language-videos-100/Top 100 Videos/00627.mp4,accident,0,inf
gs://sign-language-videos-100/Top 100 Videos/00628.mp4,accident,0,inf
gs://sign-language-videos-100/Top 100 Videos/00629.mp4,accident,0,inf
gs://sign-language-videos-100/Top 100 Videos/00631.mp4,accident,0,inf
gs://sign-language-videos-100/Top 100 Videos/00632.mp4,accident,0,inf
gs://sign-language-videos-100/Top 100 Videos/65009.mp4,accident,0,inf
gs://sign-language-videos-100/Top 100 Videos/00623.mp4,accident,0,inf
gs://sign-language-videos-100/Top 100 Videos/00633.mp4,accident,0,inf
gs://sign-language-videos-100/Top 100 Videos/00634.mp4,accident,0,inf
gs://sign-language-videos-100/Top 100 Videos/69213.mp4,apple,0,inf
gs://sign-language-videos-100/Top 100 Videos/03005.mp4,apple,0,inf
gs://sign-language-videos-100/Top 100 Videos/03008.mp4,apple,0,inf
gs://sign-language-videos-100/Top 100 Videos/65085.mp4,apple,0,inf
gs://sign-language-videos-100/Top 100 Videos/65086.mp4,apple,0,inf
gs://sign-language-videos-100/Top 100 Videos/65084.mp4,apple,0,inf
gs://sign-language-videos-100/Top 100 Videos/02999.mp4,apple,0,inf
gs://sign-language-videos-100/Top 100 Videos/03000.mp4,apple,0,inf
gs://sign-language-videos-100/Top 100 Videos/03001.mp4,apple,0,inf
gs://sign-language-videos-100/Top 100 Videos/03002.mp4,apple,0,inf
gs://sign-language-videos-100/Top 100 Videos/03003.mp4,apple,0,inf
gs://sign-language-videos-100/Top 100 Videos/69233.mp4,bird,0,inf
gs://sign-language-videos-100/Top 100 Videos/06333.mp4,bird,0,inf
gs://sign-language-videos-100/Top 100 Videos/06334.mp4,bird,0,inf
gs://sign-language-videos-100/Top 100 Videos/06335.mp4,bird,0,inf
gs://sign-language-videos-100/Top 100 Videos/06337.mp4,bird,0,inf
gs://sign-language-videos-100/Top 100 Videos/65187.mp4,bird,0,inf
gs://sign-language-videos-100/Top 100 Videos/06330.mp4,bird,0,inf
gs://sign-language-videos-100/Top 100 Videos/06343.mp4,bird,0,inf
gs://sign-language-videos-100/Top 100 Videos/06331.mp4,bird,0,inf
gs://sign-language-videos-100/Top 100 Videos/06332.mp4,bird,0,inf
gs://sign-language-videos-100/Top 100 Videos/09966.mp4,change,0,inf
gs://sign-language-videos-100/Top 100 Videos/09967.mp4,change,0,inf
gs://sign-language-videos-100/Top 100 Videos/09950.mp4,change,0,inf
gs://sign-language-videos-100/Top 100 Videos/09970.mp4,change,0,inf
gs://sign-language-videos-100/Top 100 Videos/09953.mp4,change,0,inf
gs://sign-language-videos-100/Top 100 Videos/09954.mp4,change,0,inf
gs://sign-language-videos-100/Top 100 Videos/09955.mp4,change,0,inf
gs://sign-language-videos-100/Top 100 Videos/09956.mp4,change,0,inf
gs://sign-language-videos-100/Top 100 Videos/09957.mp4,change,0,inf
gs://sign-language-videos-100/Top 100 Videos/09949.mp4,change,0,inf
gs://sign-language-videos-100/Top 100 Videos/09960.mp4,change,0,inf
gs://sign-language-videos-100/Top 100 Videos/09963.mp4,change,0,inf
gs://sign-language-videos-100/Top 100 Videos/69282.mp4,corn,0,inf
gs://sign-language-videos-100/Top 100 Videos/13337.mp4,corn,0,inf
gs://sign-language-videos-100/Top 100 Videos/13325.mp4,corn,0,inf
gs://sign-language-videos-100/Top 100 Videos/13326.mp4,corn,0,inf
gs://sign-language-videos-100/Top 100 Videos/13327.mp4,corn,0,inf
gs://sign-language-videos-100/Top 100 Videos/13328.mp4,corn,0,inf
gs://sign-language-videos-100/Top 100 Videos/13329.mp4,corn,0,inf
gs://sign-language-videos-100/Top 100 Videos/65408.mp4,corn,0,inf
gs://sign-language-videos-100/Top 100 Videos/65409.mp4,corn,0,inf
gs://sign-language-videos-100/Top 100 Videos/13323.mp4,corn,0,inf
gs://sign-language-videos-100/Top 100 Videos/13333.mp4,corn,0,inf
gs://sign-language-videos-100/Top 100 Videos/13334.mp4,corn,0,inf
gs://sign-language-videos-100/Top 100 Videos/69290.mp4,dark,0,inf
gs://sign-language-videos-100/Top 100 Videos/14673.mp4,dark,0,inf
gs://sign-language-videos-100/Top 100 Videos/14674.mp4,dark,0,inf
gs://sign-language-videos-100/Top 100 Videos/14675.mp4,dark,0,inf
gs://sign-language-videos-100/Top 100 Videos/14676.mp4,dark,0,inf
gs://sign-language-videos-100/Top 100 Videos/14680.mp4,dark,0,inf
gs://sign-language-videos-100/Top 100 Videos/65439.mp4,dark,0,inf
gs://sign-language-videos-100/Top 100 Videos/65440.mp4,dark,0,inf
gs://sign-language-videos-100/Top 100 Videos/14671.mp4,dark,0,inf
gs://sign-language-videos-100/Top 100 Videos/14681.mp4,dark,0,inf
gs://sign-language-videos-100/Top 100 Videos/14685.mp4,dark,0,inf
gs://sign-language-videos-100/Top 100 Videos/14672.mp4,dark,0,inf
gs://sign-language-videos-100/Top 100 Videos/17015.mp4,doctor,0,inf
gs://sign-language-videos-100/Top 100 Videos/17016.mp4,doctor,0,inf
gs://sign-language-videos-100/Top 100 Videos/17017.mp4,doctor,0,inf
gs://sign-language-videos-100/Top 100 Videos/17019.mp4,doctor,0,inf
gs://sign-language-videos-100/Top 100 Videos/17020.mp4,doctor,0,inf
gs://sign-language-videos-100/Top 100 Videos/65503.mp4,doctor,0,inf
gs://sign-language-videos-100/Top 100 Videos/65504.mp4,doctor,0,inf
gs://sign-language-videos-100/Top 100 Videos/17013.mp4,doctor,0,inf
gs://sign-language-videos-100/Top 100 Videos/17026.mp4,doctor,0,inf
gs://sign-language-videos-100/Top 100 Videos/17014.mp4,doctor,0,inf
gs://sign-language-videos-100/Top 100 Videos/69343.mp4,give,0,inf
gs://sign-language-videos-100/Top 100 Videos/24660.mp4,give,0,inf
gs://sign-language-videos-100/Top 100 Videos/24638.mp4,give,0,inf
gs://sign-language-videos-100/Top 100 Videos/24639.mp4,give,0,inf
gs://sign-language-videos-100/Top 100 Videos/24640.mp4,give,0,inf
gs://sign-language-videos-100/Top 100 Videos/24641.mp4,give,0,inf
gs://sign-language-videos-100/Top 100 Videos/24636.mp4,give,0,inf
gs://sign-language-videos-100/Top 100 Videos/24648.mp4,give,0,inf
gs://sign-language-videos-100/Top 100 Videos/24649.mp4,give,0,inf
gs://sign-language-videos-100/Top 100 Videos/24651.mp4,give,0,inf
gs://sign-language-videos-100/Top 100 Videos/66010.mp4,last,0,inf
gs://sign-language-videos-100/Top 100 Videos/32263.mp4,last,0,inf
gs://sign-language-videos-100/Top 100 Videos/32248.mp4,last,0,inf
gs://sign-language-videos-100/Top 100 Videos/32249.mp4,last,0,inf
gs://sign-language-videos-100/Top 100 Videos/32250.mp4,last,0,inf
gs://sign-language-videos-100/Top 100 Videos/32253.mp4,last,0,inf
gs://sign-language-videos-100/Top 100 Videos/32254.mp4,last,0,inf
gs://sign-language-videos-100/Top 100 Videos/32255.mp4,last,0,inf
gs://sign-language-videos-100/Top 100 Videos/32246.mp4,last,0,inf
gs://sign-language-videos-100/Top 100 Videos/32257.mp4,last,0,inf
gs://sign-language-videos-100/Top 100 Videos/32260.mp4,last,0,inf
gs://sign-language-videos-100/Top 100 Videos/32261.mp4,last,0,inf
gs://sign-language-videos-100/Top 100 Videos/69431.mp4,pizza,0,inf
gs://sign-language-videos-100/Top 100 Videos/42977.mp4,pizza,0,inf
gs://sign-language-videos-100/Top 100 Videos/42958.mp4,pizza,0,inf
gs://sign-language-videos-100/Top 100 Videos/42959.mp4,pizza,0,inf
gs://sign-language-videos-100/Top 100 Videos/42960.mp4,pizza,0,inf
gs://sign-language-videos-100/Top 100 Videos/42961.mp4,pizza,0,inf
gs://sign-language-videos-100/Top 100 Videos/66297.mp4,pizza,0,inf
gs://sign-language-videos-100/Top 100 Videos/42962.mp4,pizza,0,inf
gs://sign-language-videos-100/Top 100 Videos/42956.mp4,pizza,0,inf
gs://sign-language-videos-100/Top 100 Videos/42966.mp4,pizza,0,inf
gs://sign-language-videos-100/Top 100 Videos/42967.mp4,pizza,0,inf
gs://sign-language-videos-100/Top 100 Videos/42969.mp4,pizza,0,inf
gs://sign-language-videos-100/Top 100 Videos/69433.mp4,play,0,inf
gs://sign-language-videos-100/Top 100 Videos/43166.mp4,play,0,inf
gs://sign-language-videos-100/Top 100 Videos/43170.mp4,play,0,inf
gs://sign-language-videos-100/Top 100 Videos/43171.mp4,play,0,inf
gs://sign-language-videos-100/Top 100 Videos/43173.mp4,play,0,inf
gs://sign-language-videos-100/Top 100 Videos/43174.mp4,play,0,inf
gs://sign-language-videos-100/Top 100 Videos/43179.mp4,play,0,inf
gs://sign-language-videos-100/Top 100 Videos/43180.mp4,play,0,inf
gs://sign-language-videos-100/Top 100 Videos/43167.mp4,play,0,inf
gs://sign-language-videos-100/Top 100 Videos/43168.mp4,play,0,inf
gs://sign-language-videos-100/Top 100 Videos/43169.mp4,play,0,inf
gs://sign-language-videos-100/Top 100 Videos/50037.mp4,secretary,0,inf
gs://sign-language-videos-100/Top 100 Videos/50038.mp4,secretary,0,inf
gs://sign-language-videos-100/Top 100 Videos/50039.mp4,secretary,0,inf
gs://sign-language-videos-100/Top 100 Videos/50040.mp4,secretary,0,inf
gs://sign-language-videos-100/Top 100 Videos/50041.mp4,secretary,0,inf
gs://sign-language-videos-100/Top 100 Videos/50044.mp4,secretary,0,inf
gs://sign-language-videos-100/Top 100 Videos/50045.mp4,secretary,0,inf
gs://sign-language-videos-100/Top 100 Videos/66441.mp4,secretary,0,inf
gs://sign-language-videos-100/Top 100 Videos/50046.mp4,secretary,0,inf
gs://sign-language-videos-100/Top 100 Videos/50052.mp4,secretary,0,inf
gs://sign-language-videos-100/Top 100 Videos/51221.mp4,short,0,inf
gs://sign-language-videos-100/Top 100 Videos/51223.mp4,short,0,inf
gs://sign-language-videos-100/Top 100 Videos/51224.mp4,short,0,inf
gs://sign-language-videos-100/Top 100 Videos/51225.mp4,short,0,inf
gs://sign-language-videos-100/Top 100 Videos/51226.mp4,short,0,inf
gs://sign-language-videos-100/Top 100 Videos/51227.mp4,short,0,inf
gs://sign-language-videos-100/Top 100 Videos/66469.mp4,short,0,inf
gs://sign-language-videos-100/Top 100 Videos/51220.mp4,short,0,inf
gs://sign-language-videos-100/Top 100 Videos/51231.mp4,short,0,inf
gs://sign-language-videos-100/Top 100 Videos/51232.mp4,short,0,inf
gs://sign-language-videos-100/Top 100 Videos/51233.mp4,short,0,inf
gs://sign-language-videos-100/Top 100 Videos/51235.mp4,short,0,inf
gs://sign-language-videos-100/Top 100 Videos/51236.mp4,short,0,inf
gs://sign-language-videos-100/Top 100 Videos/63806.mp4,work,0,inf
gs://sign-language-videos-100/Top 100 Videos/63789.mp4,work,0,inf
gs://sign-language-videos-100/Top 100 Videos/63790.mp4,work,0,inf
gs://sign-language-videos-100/Top 100 Videos/63791.mp4,work,0,inf
gs://sign-language-videos-100/Top 100 Videos/63792.mp4,work,0,inf
gs://sign-language-videos-100/Top 100 Videos/63793.mp4,work,0,inf
gs://sign-language-videos-100/Top 100 Videos/63795.mp4,work,0,inf
gs://sign-language-videos-100/Top 100 Videos/66804.mp4,work,0,inf
gs://sign-language-videos-100/Top 100 Videos/63788.mp4,work,0,inf
gs://sign-language-videos-100/Top 100 Videos/63799.mp4,work,0,inf
gs://sign-language-videos-100/Top 100 Videos/69225.mp4,basketball,0,inf
gs://sign-language-videos-100/Top 100 Videos/05230.mp4,basketball,0,inf
gs://sign-language-videos-100/Top 100 Videos/05231.mp4,basketball,0,inf
gs://sign-language-videos-100/Top 100 Videos/05232.mp4,basketball,0,inf
gs://sign-language-videos-100/Top 100 Videos/05233.mp4,basketball,0,inf
gs://sign-language-videos-100/Top 100 Videos/05234.mp4,basketball,0,inf
gs://sign-language-videos-100/Top 100 Videos/05238.mp4,basketball,0,inf
gs://sign-language-videos-100/Top 100 Videos/65144.mp4,basketball,0,inf
gs://sign-language-videos-100/Top 100 Videos/65145.mp4,basketball,0,inf
gs://sign-language-videos-100/Top 100 Videos/05229.mp4,basketball,0,inf
gs://sign-language-videos-100/Top 100 Videos/05239.mp4,basketball,0,inf
gs://sign-language-videos-100/Top 100 Videos/05243.mp4,basketball,0,inf
gs://sign-language-videos-100/Top 100 Videos/10147.mp4,cheat,0,inf
gs://sign-language-videos-100/Top 100 Videos/10166.mp4,cheat,0,inf
gs://sign-language-videos-100/Top 100 Videos/10148.mp4,cheat,0,inf
gs://sign-language-videos-100/Top 100 Videos/10149.mp4,cheat,0,inf
gs://sign-language-videos-100/Top 100 Videos/65341.mp4,cheat,0,inf
gs://sign-language-videos-100/Top 100 Videos/10151.mp4,cheat,0,inf
gs://sign-language-videos-100/Top 100 Videos/65342.mp4,cheat,0,inf
gs://sign-language-videos-100/Top 100 Videos/10157.mp4,cheat,0,inf
gs://sign-language-videos-100/Top 100 Videos/10158.mp4,cheat,0,inf
gs://sign-language-videos-100/Top 100 Videos/10159.mp4,cheat,0,inf
gs://sign-language-videos-100/Top 100 Videos/65792.mp4,full,0,inf
gs://sign-language-videos-100/Top 100 Videos/23782.mp4,full,0,inf
gs://sign-language-videos-100/Top 100 Videos/23771.mp4,full,0,inf
gs://sign-language-videos-100/Top 100 Videos/23774.mp4,full,0,inf
gs://sign-language-videos-100/Top 100 Videos/23775.mp4,full,0,inf
gs://sign-language-videos-100/Top 100 Videos/23766.mp4,full,0,inf
gs://sign-language-videos-100/Top 100 Videos/23776.mp4,full,0,inf
gs://sign-language-videos-100/Top 100 Videos/23767.mp4,full,0,inf
gs://sign-language-videos-100/Top 100 Videos/23768.mp4,full,0,inf
gs://sign-language-videos-100/Top 100 Videos/23769.mp4,full,0,inf
gs://sign-language-videos-100/Top 100 Videos/66038.mp4,letter,0,inf
gs://sign-language-videos-100/Top 100 Videos/32948.mp4,letter,0,inf
gs://sign-language-videos-100/Top 100 Videos/32949.mp4,letter,0,inf
gs://sign-language-videos-100/Top 100 Videos/32950.mp4,letter,0,inf
gs://sign-language-videos-100/Top 100 Videos/32953.mp4,letter,0,inf
gs://sign-language-videos-100/Top 100 Videos/32954.mp4,letter,0,inf
gs://sign-language-videos-100/Top 100 Videos/32945.mp4,letter,0,inf
gs://sign-language-videos-100/Top 100 Videos/32955.mp4,letter,0,inf
gs://sign-language-videos-100/Top 100 Videos/32959.mp4,letter,0,inf
gs://sign-language-videos-100/Top 100 Videos/32946.mp4,letter,0,inf
gs://sign-language-videos-100/Top 100 Videos/32947.mp4,letter,0,inf
gs://sign-language-videos-100/Top 100 Videos/53273.mp4,son,0,inf
gs://sign-language-videos-100/Top 100 Videos/53274.mp4,son,0,inf
gs://sign-language-videos-100/Top 100 Videos/53275.mp4,son,0,inf
gs://sign-language-videos-100/Top 100 Videos/66531.mp4,son,0,inf
gs://sign-language-videos-100/Top 100 Videos/66532.mp4,son,0,inf
gs://sign-language-videos-100/Top 100 Videos/53268.mp4,son,0,inf
gs://sign-language-videos-100/Top 100 Videos/53279.mp4,son,0,inf
gs://sign-language-videos-100/Top 100 Videos/53269.mp4,son,0,inf
gs://sign-language-videos-100/Top 100 Videos/53270.mp4,son,0,inf
gs://sign-language-videos-100/Top 100 Videos/53271.mp4,son,0,inf
gs://sign-language-videos-100/Top 100 Videos/57278.mp4,tell,0,inf
gs://sign-language-videos-100/Top 100 Videos/57282.mp4,tell,0,inf
gs://sign-language-videos-100/Top 100 Videos/57283.mp4,tell,0,inf
gs://sign-language-videos-100/Top 100 Videos/57284.mp4,tell,0,inf
gs://sign-language-videos-100/Top 100 Videos/57285.mp4,tell,0,inf
gs://sign-language-videos-100/Top 100 Videos/57276.mp4,tell,0,inf
gs://sign-language-videos-100/Top 100 Videos/57286.mp4,tell,0,inf
gs://sign-language-videos-100/Top 100 Videos/57287.mp4,tell,0,inf
gs://sign-language-videos-100/Top 100 Videos/57291.mp4,tell,0,inf
gs://sign-language-videos-100/Top 100 Videos/57277.mp4,tell,0,inf
gs://sign-language-videos-100/Top 100 Videos/58362.mp4,thursday,0,inf
gs://sign-language-videos-100/Top 100 Videos/58363.mp4,thursday,0,inf
gs://sign-language-videos-100/Top 100 Videos/58365.mp4,thursday,0,inf
gs://sign-language-videos-100/Top 100 Videos/58366.mp4,thursday,0,inf
gs://sign-language-videos-100/Top 100 Videos/66637.mp4,thursday,0,inf
gs://sign-language-videos-100/Top 100 Videos/66638.mp4,thursday,0,inf
gs://sign-language-videos-100/Top 100 Videos/66639.mp4,thursday,0,inf
gs://sign-language-videos-100/Top 100 Videos/66640.mp4,thursday,0,inf
gs://sign-language-videos-100/Top 100 Videos/58370.mp4,thursday,0,inf
gs://sign-language-videos-100/Top 100 Videos/58360.mp4,thursday,0,inf
gs://sign-language-videos-100/Top 100 Videos/58361.mp4,thursday,0,inf
gs://sign-language-videos-100/Top 100 Videos/62113.mp4,wait,0,inf
gs://sign-language-videos-100/Top 100 Videos/62098.mp4,wait,0,inf
gs://sign-language-videos-100/Top 100 Videos/62100.mp4,wait,0,inf
gs://sign-language-videos-100/Top 100 Videos/62101.mp4,wait,0,inf
gs://sign-language-videos-100/Top 100 Videos/62102.mp4,wait,0,inf
gs://sign-language-videos-100/Top 100 Videos/62103.mp4,wait,0,inf
gs://sign-language-videos-100/Top 100 Videos/62106.mp4,wait,0,inf
gs://sign-language-videos-100/Top 100 Videos/66740.mp4,wait,0,inf
gs://sign-language-videos-100/Top 100 Videos/62097.mp4,wait,0,inf
gs://sign-language-videos-100/Top 100 Videos/62107.mp4,wait,0,inf
gs://sign-language-videos-100/Top 100 Videos/65137.mp4,bar,0,inf
gs://sign-language-videos-100/Top 100 Videos/05103.mp4,bar,0,inf
gs://sign-language-videos-100/Top 100 Videos/05086.mp4,bar,0,inf
gs://sign-language-videos-100/Top 100 Videos/05087.mp4,bar,0,inf
gs://sign-language-videos-100/Top 100 Videos/05088.mp4,bar,0,inf
gs://sign-language-videos-100/Top 100 Videos/05089.mp4,bar,0,inf
gs://sign-language-videos-100/Top 100 Videos/05090.mp4,bar,0,inf
gs://sign-language-videos-100/Top 100 Videos/05095.mp4,bar,0,inf
gs://sign-language-videos-100/Top 100 Videos/05097.mp4,bar,0,inf
gs://sign-language-videos-100/Top 100 Videos/05098.mp4,bar,0,inf
gs://sign-language-videos-100/Top 100 Videos/05102.mp4,bar,0,inf
gs://sign-language-videos-100/Top 100 Videos/69251.mp4,brother,0,inf
gs://sign-language-videos-100/Top 100 Videos/07937.mp4,brother,0,inf
gs://sign-language-videos-100/Top 100 Videos/07938.mp4,brother,0,inf
gs://sign-language-videos-100/Top 100 Videos/07940.mp4,brother,0,inf
gs://sign-language-videos-100/Top 100 Videos/65262.mp4,brother,0,inf
gs://sign-language-videos-100/Top 100 Videos/07932.mp4,brother,0,inf
gs://sign-language-videos-100/Top 100 Videos/07943.mp4,brother,0,inf
gs://sign-language-videos-100/Top 100 Videos/07933.mp4,brother,0,inf
gs://sign-language-videos-100/Top 100 Videos/07934.mp4,brother,0,inf
gs://sign-language-videos-100/Top 100 Videos/07935.mp4,brother,0,inf
gs://sign-language-videos-100/Top 100 Videos/07936.mp4,brother,0,inf
gs://sign-language-videos-100/Top 100 Videos/65343.mp4,check,0,inf
gs://sign-language-videos-100/Top 100 Videos/10184.mp4,check,0,inf
gs://sign-language-videos-100/Top 100 Videos/10185.mp4,check,0,inf
gs://sign-language-videos-100/Top 100 Videos/10186.mp4,check,0,inf
gs://sign-language-videos-100/Top 100 Videos/10187.mp4,check,0,inf
gs://sign-language-videos-100/Top 100 Videos/10188.mp4,check,0,inf
gs://sign-language-videos-100/Top 100 Videos/10190.mp4,check,0,inf
gs://sign-language-videos-100/Top 100 Videos/10192.mp4,check,0,inf
gs://sign-language-videos-100/Top 100 Videos/10183.mp4,check,0,inf
gs://sign-language-videos-100/Top 100 Videos/10197.mp4,check,0,inf
gs://sign-language-videos-100/Top 100 Videos/10199.mp4,check,0,inf
gs://sign-language-videos-100/Top 100 Videos/14190.mp4,cry,0,inf
gs://sign-language-videos-100/Top 100 Videos/14175.mp4,cry,0,inf
gs://sign-language-videos-100/Top 100 Videos/14176.mp4,cry,0,inf
gs://sign-language-videos-100/Top 100 Videos/14177.mp4,cry,0,inf
gs://sign-language-videos-100/Top 100 Videos/14180.mp4,cry,0,inf
gs://sign-language-videos-100/Top 100 Videos/14182.mp4,cry,0,inf
gs://sign-language-videos-100/Top 100 Videos/14183.mp4,cry,0,inf
gs://sign-language-videos-100/Top 100 Videos/65427.mp4,cry,0,inf
gs://sign-language-videos-100/Top 100 Videos/14174.mp4,cry,0,inf
gs://sign-language-videos-100/Top 100 Videos/14188.mp4,cry,0,inf
gs://sign-language-videos-100/Top 100 Videos/32398.mp4,laugh,0,inf
gs://sign-language-videos-100/Top 100 Videos/32379.mp4,laugh,0,inf
gs://sign-language-videos-100/Top 100 Videos/32380.mp4,laugh,0,inf
gs://sign-language-videos-100/Top 100 Videos/32381.mp4,laugh,0,inf
gs://sign-language-videos-100/Top 100 Videos/66016.mp4,laugh,0,inf
gs://sign-language-videos-100/Top 100 Videos/32382.mp4,laugh,0,inf
gs://sign-language-videos-100/Top 100 Videos/32383.mp4,laugh,0,inf
gs://sign-language-videos-100/Top 100 Videos/32386.mp4,laugh,0,inf
gs://sign-language-videos-100/Top 100 Videos/32377.mp4,laugh,0,inf
gs://sign-language-videos-100/Top 100 Videos/32388.mp4,laugh,0,inf
gs://sign-language-videos-100/Top 100 Videos/32389.mp4,laugh,0,inf
gs://sign-language-videos-100/Top 100 Videos/48509.mp4,room,0,inf
gs://sign-language-videos-100/Top 100 Videos/48510.mp4,room,0,inf
gs://sign-language-videos-100/Top 100 Videos/48511.mp4,room,0,inf
gs://sign-language-videos-100/Top 100 Videos/48512.mp4,room,0,inf
gs://sign-language-videos-100/Top 100 Videos/48513.mp4,room,0,inf
gs://sign-language-videos-100/Top 100 Videos/48514.mp4,room,0,inf
gs://sign-language-videos-100/Top 100 Videos/48516.mp4,room,0,inf
gs://sign-language-videos-100/Top 100 Videos/66415.mp4,room,0,inf
gs://sign-language-videos-100/Top 100 Videos/66416.mp4,room,0,inf
gs://sign-language-videos-100/Top 100 Videos/48517.mp4,room,0,inf
gs://sign-language-videos-100/Top 100 Videos/48521.mp4,room,0,inf
gs://sign-language-videos-100/Top 100 Videos/69481.mp4,snow,0,inf
gs://sign-language-videos-100/Top 100 Videos/52862.mp4,snow,0,inf
gs://sign-language-videos-100/Top 100 Videos/52863.mp4,snow,0,inf
gs://sign-language-videos-100/Top 100 Videos/66519.mp4,snow,0,inf
gs://sign-language-videos-100/Top 100 Videos/66518.mp4,snow,0,inf
gs://sign-language-videos-100/Top 100 Videos/52857.mp4,snow,0,inf
gs://sign-language-videos-100/Top 100 Videos/52867.mp4,snow,0,inf
gs://sign-language-videos-100/Top 100 Videos/52858.mp4,snow,0,inf
gs://sign-language-videos-100/Top 100 Videos/52859.mp4,snow,0,inf
gs://sign-language-videos-100/Top 100 Videos/52860.mp4,snow,0,inf
gs://sign-language-videos-100/Top 100 Videos/69500.mp4,take,0,inf
gs://sign-language-videos-100/Top 100 Videos/56698.mp4,take,0,inf
gs://sign-language-videos-100/Top 100 Videos/56699.mp4,take,0,inf
gs://sign-language-videos-100/Top 100 Videos/56700.mp4,take,0,inf
gs://sign-language-videos-100/Top 100 Videos/56701.mp4,take,0,inf
gs://sign-language-videos-100/Top 100 Videos/56692.mp4,take,0,inf
gs://sign-language-videos-100/Top 100 Videos/56702.mp4,take,0,inf
gs://sign-language-videos-100/Top 100 Videos/56704.mp4,take,0,inf
gs://sign-language-videos-100/Top 100 Videos/56705.mp4,take,0,inf
gs://sign-language-videos-100/Top 100 Videos/56693.mp4,take,0,inf
gs://sign-language-videos-100/Top 100 Videos/56694.mp4,take,0,inf
gs://sign-language-videos-100/Top 100 Videos/63283.mp4,why,0,inf
gs://sign-language-videos-100/Top 100 Videos/63284.mp4,why,0,inf
gs://sign-language-videos-100/Top 100 Videos/63285.mp4,why,0,inf
gs://sign-language-videos-100/Top 100 Videos/63287.mp4,why,0,inf
gs://sign-language-videos-100/Top 100 Videos/63288.mp4,why,0,inf
gs://sign-language-videos-100/Top 100 Videos/66781.mp4,why,0,inf
gs://sign-language-videos-100/Top 100 Videos/63289.mp4,why,0,inf
gs://sign-language-videos-100/Top 100 Videos/63292.mp4,why,0,inf
gs://sign-language-videos-100/Top 100 Videos/63280.mp4,why,0,inf
gs://sign-language-videos-100/Top 100 Videos/63281.mp4,why,0,inf
gs://sign-language-videos-100/Top 100 Videos/63282.mp4,why,0,inf
gs://sign-language-videos-100/Top 100 Videos/69544.mp4,write,0,inf
gs://sign-language-videos-100/Top 100 Videos/64060.mp4,write,0,inf
gs://sign-language-videos-100/Top 100 Videos/64061.mp4,write,0,inf
gs://sign-language-videos-100/Top 100 Videos/64065.mp4,write,0,inf
gs://sign-language-videos-100/Top 100 Videos/66815.mp4,write,0,inf
gs://sign-language-videos-100/Top 100 Videos/64056.mp4,write,0,inf
gs://sign-language-videos-100/Top 100 Videos/64068.mp4,write,0,inf
gs://sign-language-videos-100/Top 100 Videos/64057.mp4,write,0,inf
gs://sign-language-videos-100/Top 100 Videos/64058.mp4,write,0,inf
gs://sign-language-videos-100/Top 100 Videos/64059.mp4,write,0,inf
gs://sign-language-videos-100/Top 100 Videos/64307.mp4,yesterday,0,inf
gs://sign-language-videos-100/Top 100 Videos/64308.mp4,yesterday,0,inf
gs://sign-language-videos-100/Top 100 Videos/64309.mp4,yesterday,0,inf
gs://sign-language-videos-100/Top 100 Videos/64311.mp4,yesterday,0,inf
gs://sign-language-videos-100/Top 100 Videos/66821.mp4,yesterday,0,inf
gs://sign-language-videos-100/Top 100 Videos/66822.mp4,yesterday,0,inf
gs://sign-language-videos-100/Top 100 Videos/64315.mp4,yesterday,0,inf
gs://sign-language-videos-100/Top 100 Videos/64304.mp4,yesterday,0,inf
gs://sign-language-videos-100/Top 100 Videos/64305.mp4,yesterday,0,inf
gs://sign-language-videos-100/Top 100 Videos/64306.mp4,yesterday,0,inf
gs://sign-language-videos-100/Top 100 Videos/65290.mp4,call,0,inf
gs://sign-language-videos-100/Top 100 Videos/08706.mp4,call,0,inf
gs://sign-language-videos-100/Top 100 Videos/08707.mp4,call,0,inf
gs://sign-language-videos-100/Top 100 Videos/65556.mp4,call,0,inf
gs://sign-language-videos-100/Top 100 Videos/08713.mp4,call,0,inf
gs://sign-language-videos-100/Top 100 Videos/08689.mp4,call,0,inf
gs://sign-language-videos-100/Top 100 Videos/08690.mp4,call,0,inf
gs://sign-language-videos-100/Top 100 Videos/08691.mp4,call,0,inf
gs://sign-language-videos-100/Top 100 Videos/08692.mp4,call,0,inf
gs://sign-language-videos-100/Top 100 Videos/08694.mp4,call,0,inf
gs://sign-language-videos-100/Top 100 Videos/08701.mp4,call,0,inf
gs://sign-language-videos-100/Top 100 Videos/08702.mp4,call,0,inf
gs://sign-language-videos-100/Top 100 Videos/65377.mp4,cold,0,inf
gs://sign-language-videos-100/Top 100 Videos/11638.mp4,cold,0,inf
gs://sign-language-videos-100/Top 100 Videos/11622.mp4,cold,0,inf
gs://sign-language-videos-100/Top 100 Videos/11623.mp4,cold,0,inf
gs://sign-language-videos-100/Top 100 Videos/11624.mp4,cold,0,inf
gs://sign-language-videos-100/Top 100 Videos/11625.mp4,cold,0,inf
gs://sign-language-videos-100/Top 100 Videos/11627.mp4,cold,0,inf
gs://sign-language-videos-100/Top 100 Videos/11628.mp4,cold,0,inf
gs://sign-language-videos-100/Top 100 Videos/11621.mp4,cold,0,inf
gs://sign-language-videos-100/Top 100 Videos/11633.mp4,cold,0,inf
gs://sign-language-videos-100/Top 100 Videos/11634.mp4,cold,0,inf
gs://sign-language-videos-100/Top 100 Videos/11635.mp4,cold,0,inf
gs://sign-language-videos-100/Top 100 Videos/20067.mp4,example,0,inf
gs://sign-language-videos-100/Top 100 Videos/20068.mp4,example,0,inf
gs://sign-language-videos-100/Top 100 Videos/20070.mp4,example,0,inf
gs://sign-language-videos-100/Top 100 Videos/20071.mp4,example,0,inf
gs://sign-language-videos-100/Top 100 Videos/20072.mp4,example,0,inf
gs://sign-language-videos-100/Top 100 Videos/65652.mp4,example,0,inf
gs://sign-language-videos-100/Top 100 Videos/65653.mp4,example,0,inf
gs://sign-language-videos-100/Top 100 Videos/65654.mp4,example,0,inf
gs://sign-language-videos-100/Top 100 Videos/20074.mp4,example,0,inf
gs://sign-language-videos-100/Top 100 Videos/20077.mp4,example,0,inf
gs://sign-language-videos-100/Top 100 Videos/20066.mp4,example,0,inf
gs://sign-language-videos-100/Top 100 Videos/21073.mp4,far,0,inf
gs://sign-language-videos-100/Top 100 Videos/21074.mp4,far,0,inf
gs://sign-language-videos-100/Top 100 Videos/21075.mp4,far,0,inf
gs://sign-language-videos-100/Top 100 Videos/21077.mp4,far,0,inf
gs://sign-language-videos-100/Top 100 Videos/21078.mp4,far,0,inf
gs://sign-language-videos-100/Top 100 Videos/65682.mp4,far,0,inf
gs://sign-language-videos-100/Top 100 Videos/21069.mp4,far,0,inf
gs://sign-language-videos-100/Top 100 Videos/21081.mp4,far,0,inf
gs://sign-language-videos-100/Top 100 Videos/21070.mp4,far,0,inf
gs://sign-language-videos-100/Top 100 Videos/21071.mp4,far,0,inf
gs://sign-language-videos-100/Top 100 Videos/21072.mp4,far,0,inf
gs://sign-language-videos-100/Top 100 Videos/69347.mp4,good,0,inf
gs://sign-language-videos-100/Top 100 Videos/25072.mp4,good,0,inf
gs://sign-language-videos-100/Top 100 Videos/25073.mp4,good,0,inf
gs://sign-language-videos-100/Top 100 Videos/65835.mp4,good,0,inf
gs://sign-language-videos-100/Top 100 Videos/25066.mp4,good,0,inf
gs://sign-language-videos-100/Top 100 Videos/25076.mp4,good,0,inf
gs://sign-language-videos-100/Top 100 Videos/25067.mp4,good,0,inf
gs://sign-language-videos-100/Top 100 Videos/25068.mp4,good,0,inf
gs://sign-language-videos-100/Top 100 Videos/25069.mp4,good,0,inf
gs://sign-language-videos-100/Top 100 Videos/25070.mp4,good,0,inf
gs://sign-language-videos-100/Top 100 Videos/32655.mp4,leave,0,inf
gs://sign-language-videos-100/Top 100 Videos/32677.mp4,leave,0,inf
gs://sign-language-videos-100/Top 100 Videos/66025.mp4,leave,0,inf
gs://sign-language-videos-100/Top 100 Videos/32657.mp4,leave,0,inf
gs://sign-language-videos-100/Top 100 Videos/32658.mp4,leave,0,inf
gs://sign-language-videos-100/Top 100 Videos/32659.mp4,leave,0,inf
gs://sign-language-videos-100/Top 100 Videos/32661.mp4,leave,0,inf
gs://sign-language-videos-100/Top 100 Videos/32662.mp4,leave,0,inf
gs://sign-language-videos-100/Top 100 Videos/32654.mp4,leave,0,inf
gs://sign-language-videos-100/Top 100 Videos/32667.mp4,leave,0,inf
gs://sign-language-videos-100/Top 100 Videos/32669.mp4,leave,0,inf
gs://sign-language-videos-100/Top 100 Videos/53295.mp4,soon,0,inf
gs://sign-language-videos-100/Top 100 Videos/53296.mp4,soon,0,inf
gs://sign-language-videos-100/Top 100 Videos/53300.mp4,soon,0,inf
gs://sign-language-videos-100/Top 100 Videos/53301.mp4,soon,0,inf
gs://sign-language-videos-100/Top 100 Videos/66533.mp4,soon,0,inf
gs://sign-language-videos-100/Top 100 Videos/66534.mp4,soon,0,inf
gs://sign-language-videos-100/Top 100 Videos/53292.mp4,soon,0,inf
gs://sign-language-videos-100/Top 100 Videos/53304.mp4,soon,0,inf
gs://sign-language-videos-100/Top 100 Videos/53305.mp4,soon,0,inf
gs://sign-language-videos-100/Top 100 Videos/53293.mp4,soon,0,inf
gs://sign-language-videos-100/Top 100 Videos/53294.mp4,soon,0,inf
gs://sign-language-videos-100/Top 100 Videos/59206.mp4,trade,0,inf
gs://sign-language-videos-100/Top 100 Videos/59207.mp4,trade,0,inf
gs://sign-language-videos-100/Top 100 Videos/59208.mp4,trade,0,inf
gs://sign-language-videos-100/Top 100 Videos/59209.mp4,trade,0,inf
gs://sign-language-videos-100/Top 100 Videos/59210.mp4,trade,0,inf
gs://sign-language-videos-100/Top 100 Videos/59211.mp4,trade,0,inf
gs://sign-language-videos-100/Top 100 Videos/59212.mp4,trade,0,inf
gs://sign-language-videos-100/Top 100 Videos/59214.mp4,trade,0,inf
gs://sign-language-videos-100/Top 100 Videos/59215.mp4,trade,0,inf
gs://sign-language-videos-100/Top 100 Videos/59216.mp4,trade,0,inf
gs://sign-language-videos-100/Top 100 Videos/59219.mp4,trade,0,inf
gs://sign-language-videos-100/Top 100 Videos/59204.mp4,trade,0,inf
gs://sign-language-videos-100/Top 100 Videos/59205.mp4,trade,0,inf
gs://sign-language-videos-100/Top 100 Videos/04801.mp4,balance,0,inf
gs://sign-language-videos-100/Top 100 Videos/04802.mp4,balance,0,inf
gs://sign-language-videos-100/Top 100 Videos/04803.mp4,balance,0,inf
gs://sign-language-videos-100/Top 100 Videos/65129.mp4,balance,0,inf
gs://sign-language-videos-100/Top 100 Videos/04795.mp4,balance,0,inf
gs://sign-language-videos-100/Top 100 Videos/04806.mp4,balance,0,inf
gs://sign-language-videos-100/Top 100 Videos/04796.mp4,balance,0,inf
gs://sign-language-videos-100/Top 100 Videos/04797.mp4,balance,0,inf
gs://sign-language-videos-100/Top 100 Videos/04798.mp4,balance,0,inf
gs://sign-language-videos-100/Top 100 Videos/04799.mp4,balance,0,inf
gs://sign-language-videos-100/Top 100 Videos/05598.mp4,because,0,inf
gs://sign-language-videos-100/Top 100 Videos/05599.mp4,because,0,inf
gs://sign-language-videos-100/Top 100 Videos/05600.mp4,because,0,inf
gs://sign-language-videos-100/Top 100 Videos/05601.mp4,because,0,inf
gs://sign-language-videos-100/Top 100 Videos/65158.mp4,because,0,inf
gs://sign-language-videos-100/Top 100 Videos/65159.mp4,because,0,inf
gs://sign-language-videos-100/Top 100 Videos/05605.mp4,because,0,inf
gs://sign-language-videos-100/Top 100 Videos/05606.mp4,because,0,inf
gs://sign-language-videos-100/Top 100 Videos/05609.mp4,because,0,inf
gs://sign-language-videos-100/Top 100 Videos/05596.mp4,because,0,inf
gs://sign-language-videos-100/Top 100 Videos/13135.mp4,convince,0,inf
gs://sign-language-videos-100/Top 100 Videos/13136.mp4,convince,0,inf
gs://sign-language-videos-100/Top 100 Videos/13137.mp4,convince,0,inf
gs://sign-language-videos-100/Top 100 Videos/13138.mp4,convince,0,inf
gs://sign-language-videos-100/Top 100 Videos/65400.mp4,convince,0,inf
gs://sign-language-videos-100/Top 100 Videos/65401.mp4,convince,0,inf
gs://sign-language-videos-100/Top 100 Videos/13143.mp4,convince,0,inf
gs://sign-language-videos-100/Top 100 Videos/13144.mp4,convince,0,inf
gs://sign-language-videos-100/Top 100 Videos/13148.mp4,convince,0,inf
gs://sign-language-videos-100/Top 100 Videos/13134.mp4,convince,0,inf
gs://sign-language-videos-100/Top 100 Videos/65692.mp4,fat,0,inf
gs://sign-language-videos-100/Top 100 Videos/21252.mp4,fat,0,inf
gs://sign-language-videos-100/Top 100 Videos/21233.mp4,fat,0,inf
gs://sign-language-videos-100/Top 100 Videos/21234.mp4,fat,0,inf
gs://sign-language-videos-100/Top 100 Videos/21236.mp4,fat,0,inf
gs://sign-language-videos-100/Top 100 Videos/21231.mp4,fat,0,inf
gs://sign-language-videos-100/Top 100 Videos/21237.mp4,fat,0,inf
gs://sign-language-videos-100/Top 100 Videos/21241.mp4,fat,0,inf
gs://sign-language-videos-100/Top 100 Videos/21242.mp4,fat,0,inf
gs://sign-language-videos-100/Top 100 Videos/21243.mp4,fat,0,inf
gs://sign-language-videos-100/Top 100 Videos/25244.mp4,government,0,inf
gs://sign-language-videos-100/Top 100 Videos/25245.mp4,government,0,inf
gs://sign-language-videos-100/Top 100 Videos/25246.mp4,government,0,inf
gs://sign-language-videos-100/Top 100 Videos/25247.mp4,government,0,inf
gs://sign-language-videos-100/Top 100 Videos/65840.mp4,government,0,inf
gs://sign-language-videos-100/Top 100 Videos/25250.mp4,government,0,inf
gs://sign-language-videos-100/Top 100 Videos/25253.mp4,government,0,inf
gs://sign-language-videos-100/Top 100 Videos/25241.mp4,government,0,inf
gs://sign-language-videos-100/Top 100 Videos/25242.mp4,government,0,inf
gs://sign-language-videos-100/Top 100 Videos/25243.mp4,government,0,inf
gs://sign-language-videos-100/Top 100 Videos/65950.mp4,interest,0,inf
gs://sign-language-videos-100/Top 100 Videos/30153.mp4,interest,0,inf
gs://sign-language-videos-100/Top 100 Videos/30154.mp4,interest,0,inf
gs://sign-language-videos-100/Top 100 Videos/30155.mp4,interest,0,inf
gs://sign-language-videos-100/Top 100 Videos/30156.mp4,interest,0,inf
gs://sign-language-videos-100/Top 100 Videos/30160.mp4,interest,0,inf
gs://sign-language-videos-100/Top 100 Videos/30152.mp4,interest,0,inf
gs://sign-language-videos-100/Top 100 Videos/30162.mp4,interest,0,inf
gs://sign-language-videos-100/Top 100 Videos/30166.mp4,interest,0,inf
gs://sign-language-videos-100/Top 100 Videos/30168.mp4,interest,0,inf
gs://sign-language-videos-100/Top 100 Videos/66248.mp4,order,0,inf
gs://sign-language-videos-100/Top 100 Videos/40183.mp4,order,0,inf
gs://sign-language-videos-100/Top 100 Videos/40184.mp4,order,0,inf
gs://sign-language-videos-100/Top 100 Videos/40171.mp4,order,0,inf
gs://sign-language-videos-100/Top 100 Videos/40172.mp4,order,0,inf
gs://sign-language-videos-100/Top 100 Videos/40177.mp4,order,0,inf
gs://sign-language-videos-100/Top 100 Videos/40178.mp4,order,0,inf
gs://sign-language-videos-100/Top 100 Videos/66249.mp4,order,0,inf
gs://sign-language-videos-100/Top 100 Videos/40169.mp4,order,0,inf
gs://sign-language-videos-100/Top 100 Videos/40179.mp4,order,0,inf
gs://sign-language-videos-100/Top 100 Videos/49250.mp4,sandwich,0,inf
gs://sign-language-videos-100/Top 100 Videos/49251.mp4,sandwich,0,inf
gs://sign-language-videos-100/Top 100 Videos/49252.mp4,sandwich,0,inf
gs://sign-language-videos-100/Top 100 Videos/66423.mp4,sandwich,0,inf
gs://sign-language-videos-100/Top 100 Videos/66424.mp4,sandwich,0,inf
gs://sign-language-videos-100/Top 100 Videos/49255.mp4,sandwich,0,inf
gs://sign-language-videos-100/Top 100 Videos/49245.mp4,sandwich,0,inf
gs://sign-language-videos-100/Top 100 Videos/49246.mp4,sandwich,0,inf
gs://sign-language-videos-100/Top 100 Videos/49247.mp4,sandwich,0,inf
gs://sign-language-videos-100/Top 100 Videos/49248.mp4,sandwich,0,inf
gs://sign-language-videos-100/Top 100 Videos/57785.mp4,theory,0,inf
gs://sign-language-videos-100/Top 100 Videos/57788.mp4,theory,0,inf
gs://sign-language-videos-100/Top 100 Videos/57789.mp4,theory,0,inf
gs://sign-language-videos-100/Top 100 Videos/66603.mp4,theory,0,inf
gs://sign-language-videos-100/Top 100 Videos/66604.mp4,theory,0,inf
gs://sign-language-videos-100/Top 100 Videos/57791.mp4,theory,0,inf
gs://sign-language-videos-100/Top 100 Videos/57794.mp4,theory,0,inf
gs://sign-language-videos-100/Top 100 Videos/57782.mp4,theory,0,inf
gs://sign-language-videos-100/Top 100 Videos/57783.mp4,theory,0,inf
gs://sign-language-videos-100/Top 100 Videos/57784.mp4,theory,0,inf
gs://sign-language-videos-100/Top 100 Videos/09920.mp4,champion,0,inf
gs://sign-language-videos-100/Top 100 Videos/09921.mp4,champion,0,inf
gs://sign-language-videos-100/Top 100 Videos/09922.mp4,champion,0,inf
gs://sign-language-videos-100/Top 100 Videos/65330.mp4,champion,0,inf
gs://sign-language-videos-100/Top 100 Videos/09924.mp4,champion,0,inf
gs://sign-language-videos-100/Top 100 Videos/09926.mp4,champion,0,inf
gs://sign-language-videos-100/Top 100 Videos/09915.mp4,champion,0,inf
gs://sign-language-videos-100/Top 100 Videos/09916.mp4,champion,0,inf
gs://sign-language-videos-100/Top 100 Videos/09917.mp4,champion,0,inf
gs://sign-language-videos-100/Top 100 Videos/09918.mp4,champion,0,inf
gs://sign-language-videos-100/Top 100 Videos/09919.mp4,champion,0,inf
gs://sign-language-videos-100/Top 100 Videos/15325.mp4,delay,0,inf
gs://sign-language-videos-100/Top 100 Videos/15326.mp4,delay,0,inf
gs://sign-language-videos-100/Top 100 Videos/15327.mp4,delay,0,inf
gs://sign-language-videos-100/Top 100 Videos/15328.mp4,delay,0,inf
gs://sign-language-videos-100/Top 100 Videos/15319.mp4,delay,0,inf
gs://sign-language-videos-100/Top 100 Videos/15330.mp4,delay,0,inf
gs://sign-language-videos-100/Top 100 Videos/15332.mp4,delay,0,inf
gs://sign-language-videos-100/Top 100 Videos/15320.mp4,delay,0,inf
gs://sign-language-videos-100/Top 100 Videos/15321.mp4,delay,0,inf
gs://sign-language-videos-100/Top 100 Videos/15322.mp4,delay,0,inf
gs://sign-language-videos-100/Top 100 Videos/15323.mp4,delay,0,inf
gs://sign-language-videos-100/Top 100 Videos/15363.mp4,delicious,0,inf
gs://sign-language-videos-100/Top 100 Videos/15364.mp4,delicious,0,inf
gs://sign-language-videos-100/Top 100 Videos/15365.mp4,delicious,0,inf
gs://sign-language-videos-100/Top 100 Videos/15366.mp4,delicious,0,inf
gs://sign-language-videos-100/Top 100 Videos/15369.mp4,delicious,0,inf
gs://sign-language-videos-100/Top 100 Videos/65457.mp4,delicious,0,inf
gs://sign-language-videos-100/Top 100 Videos/15370.mp4,delicious,0,inf
gs://sign-language-videos-100/Top 100 Videos/15374.mp4,delicious,0,inf
gs://sign-language-videos-100/Top 100 Videos/15361.mp4,delicious,0,inf
gs://sign-language-videos-100/Top 100 Videos/15362.mp4,delicious,0,inf
gs://sign-language-videos-100/Top 100 Videos/19410.mp4,environment,0,inf
gs://sign-language-videos-100/Top 100 Videos/19411.mp4,environment,0,inf
gs://sign-language-videos-100/Top 100 Videos/19412.mp4,environment,0,inf
gs://sign-language-videos-100/Top 100 Videos/19414.mp4,environment,0,inf
gs://sign-language-videos-100/Top 100 Videos/65638.mp4,environment,0,inf
gs://sign-language-videos-100/Top 100 Videos/65639.mp4,environment,0,inf
gs://sign-language-videos-100/Top 100 Videos/19406.mp4,environment,0,inf
gs://sign-language-videos-100/Top 100 Videos/19418.mp4,environment,0,inf
gs://sign-language-videos-100/Top 100 Videos/19407.mp4,environment,0,inf
gs://sign-language-videos-100/Top 100 Videos/19408.mp4,environment,0,inf
gs://sign-language-videos-100/Top 100 Videos/19409.mp4,environment,0,inf
gs://sign-language-videos-100/Top 100 Videos/66151.mp4,move,0,inf
gs://sign-language-videos-100/Top 100 Videos/37102.mp4,move,0,inf
gs://sign-language-videos-100/Top 100 Videos/37086.mp4,move,0,inf
gs://sign-language-videos-100/Top 100 Videos/37087.mp4,move,0,inf
gs://sign-language-videos-100/Top 100 Videos/37089.mp4,move,0,inf
gs://sign-language-videos-100/Top 100 Videos/37093.mp4,move,0,inf
gs://sign-language-videos-100/Top 100 Videos/37094.mp4,move,0,inf
gs://sign-language-videos-100/Top 100 Videos/37085.mp4,move,0,inf
gs://sign-language-videos-100/Top 100 Videos/37097.mp4,move,0,inf
gs://sign-language-videos-100/Top 100 Videos/37098.mp4,move,0,inf
gs://sign-language-videos-100/Top 100 Videos/42246.mp4,perspective,0,inf
gs://sign-language-videos-100/Top 100 Videos/42247.mp4,perspective,0,inf
gs://sign-language-videos-100/Top 100 Videos/42248.mp4,perspective,0,inf
gs://sign-language-videos-100/Top 100 Videos/42251.mp4,perspective,0,inf
gs://sign-language-videos-100/Top 100 Videos/66281.mp4,perspective,0,inf
gs://sign-language-videos-100/Top 100 Videos/42252.mp4,perspective,0,inf
gs://sign-language-videos-100/Top 100 Videos/42253.mp4,perspective,0,inf
gs://sign-language-videos-100/Top 100 Videos/42256.mp4,perspective,0,inf
gs://sign-language-videos-100/Top 100 Videos/42243.mp4,perspective,0,inf
gs://sign-language-videos-100/Top 100 Videos/42245.mp4,perspective,0,inf
gs://sign-language-videos-100/Top 100 Videos/51708.mp4,silly,0,inf
gs://sign-language-videos-100/Top 100 Videos/51709.mp4,silly,0,inf
gs://sign-language-videos-100/Top 100 Videos/51710.mp4,silly,0,inf
gs://sign-language-videos-100/Top 100 Videos/66481.mp4,silly,0,inf
gs://sign-language-videos-100/Top 100 Videos/51712.mp4,silly,0,inf
gs://sign-language-videos-100/Top 100 Videos/51713.mp4,silly,0,inf
gs://sign-language-videos-100/Top 100 Videos/51703.mp4,silly,0,inf
gs://sign-language-videos-100/Top 100 Videos/51704.mp4,silly,0,inf
gs://sign-language-videos-100/Top 100 Videos/51705.mp4,silly,0,inf
gs://sign-language-videos-100/Top 100 Videos/51706.mp4,silly,0,inf
gs://sign-language-videos-100/Top 100 Videos/69499.mp4,sweet,0,inf
gs://sign-language-videos-100/Top 100 Videos/56312.mp4,sweet,0,inf
gs://sign-language-videos-100/Top 100 Videos/56313.mp4,sweet,0,inf
gs://sign-language-videos-100/Top 100 Videos/56314.mp4,sweet,0,inf
gs://sign-language-videos-100/Top 100 Videos/66585.mp4,sweet,0,inf
gs://sign-language-videos-100/Top 100 Videos/56306.mp4,sweet,0,inf
gs://sign-language-videos-100/Top 100 Videos/56317.mp4,sweet,0,inf
gs://sign-language-videos-100/Top 100 Videos/56307.mp4,sweet,0,inf
gs://sign-language-videos-100/Top 100 Videos/56308.mp4,sweet,0,inf
gs://sign-language-videos-100/Top 100 Videos/56309.mp4,sweet,0,inf
gs://sign-language-videos-100/Top 100 Videos/03062.mp4,appointment,0,inf
gs://sign-language-videos-100/Top 100 Videos/03063.mp4,appointment,0,inf
gs://sign-language-videos-100/Top 100 Videos/65087.mp4,appointment,0,inf
gs://sign-language-videos-100/Top 100 Videos/03055.mp4,appointment,0,inf
gs://sign-language-videos-100/Top 100 Videos/03056.mp4,appointment,0,inf
gs://sign-language-videos-100/Top 100 Videos/03057.mp4,appointment,0,inf
gs://sign-language-videos-100/Top 100 Videos/03058.mp4,appointment,0,inf
gs://sign-language-videos-100/Top 100 Videos/03059.mp4,appointment,0,inf
gs://sign-language-videos-100/Top 100 Videos/03060.mp4,appointment,0,inf
gs://sign-language-videos-100/Top 100 Videos/03061.mp4,appointment,0,inf
gs://sign-language-videos-100/Top 100 Videos/46305.mp4,ready,0,inf
gs://sign-language-videos-100/Top 100 Videos/46288.mp4,ready,0,inf
gs://sign-language-videos-100/Top 100 Videos/46289.mp4,ready,0,inf
gs://sign-language-videos-100/Top 100 Videos/46291.mp4,ready,0,inf
gs://sign-language-videos-100/Top 100 Videos/46292.mp4,ready,0,inf
gs://sign-language-videos-100/Top 100 Videos/46293.mp4,ready,0,inf
gs://sign-language-videos-100/Top 100 Videos/46296.mp4,ready,0,inf
gs://sign-language-videos-100/Top 100 Videos/66374.mp4,ready,0,inf
gs://sign-language-videos-100/Top 100 Videos/46299.mp4,ready,0,inf
gs://sign-language-videos-100/Top 100 Videos/46300.mp4,ready,0,inf
gs://sign-language-videos-100/Top 100 Videos/49693.mp4,score,0,inf
gs://sign-language-videos-100/Top 100 Videos/49694.mp4,score,0,inf
gs://sign-language-videos-100/Top 100 Videos/49695.mp4,score,0,inf
gs://sign-language-videos-100/Top 100 Videos/49697.mp4,score,0,inf
gs://sign-language-videos-100/Top 100 Videos/49699.mp4,score,0,inf
gs://sign-language-videos-100/Top 100 Videos/49700.mp4,score,0,inf
gs://sign-language-videos-100/Top 100 Videos/66434.mp4,score,0,inf
gs://sign-language-videos-100/Top 100 Videos/49691.mp4,score,0,inf
gs://sign-language-videos-100/Top 100 Videos/49702.mp4,score,0,inf
gs://sign-language-videos-100/Top 100 Videos/49706.mp4,score,0,inf
gs://sign-language-videos-100/Top 100 Videos/49692.mp4,score,0,inf
gs://sign-language-videos-100/Top 100 Videos/53700.mp4,speech,0,inf
gs://sign-language-videos-100/Top 100 Videos/53701.mp4,speech,0,inf
gs://sign-language-videos-100/Top 100 Videos/53696.mp4,speech,0,inf
gs://sign-language-videos-100/Top 100 Videos/53706.mp4,speech,0,inf
gs://sign-language-videos-100/Top 100 Videos/53707.mp4,speech,0,inf
gs://sign-language-videos-100/Top 100 Videos/53709.mp4,speech,0,inf
gs://sign-language-videos-100/Top 100 Videos/53710.mp4,speech,0,inf
gs://sign-language-videos-100/Top 100 Videos/53697.mp4,speech,0,inf
gs://sign-language-videos-100/Top 100 Videos/53698.mp4,speech,0,inf
gs://sign-language-videos-100/Top 100 Videos/53699.mp4,speech,0,inf
gs://sign-language-videos-100/Top 100 Videos/66652.mp4,toast,0,inf
gs://sign-language-videos-100/Top 100 Videos/58654.mp4,toast,0,inf
gs://sign-language-videos-100/Top 100 Videos/58655.mp4,toast,0,inf
gs://sign-language-videos-100/Top 100 Videos/58657.mp4,toast,0,inf
gs://sign-language-videos-100/Top 100 Videos/58658.mp4,toast,0,inf
gs://sign-language-videos-100/Top 100 Videos/58649.mp4,toast,0,inf
gs://sign-language-videos-100/Top 100 Videos/58661.mp4,toast,0,inf
gs://sign-language-videos-100/Top 100 Videos/58651.mp4,toast,0,inf
gs://sign-language-videos-100/Top 100 Videos/58652.mp4,toast,0,inf
gs://sign-language-videos-100/Top 100 Videos/58653.mp4,toast,0,inf