video_id,gloss,START,END
gs://sign-language-videos-100/Top 100 Videos Processed/69302_processed.mp4,drink,0,inf
gs://sign-language-videos-100/Top 100 Videos Processed/65539_processed.mp4,drink,0,inf
gs://sign-language-videos-100/Top 100 Videos Processed/17710_processed.mp4,drink,0,inf
gs://sign-language-videos-100/Top 100 Videos Processed/17733_processed.mp4,drink,0,inf
gs://sign-language-videos-100/Top 100 Videos Processed/65540_processed.mp4,drink,0,inf
gs://sign-language-videos-100/Top 100 Videos Processed/17734_processed.mp4,drink,0,inf
gs://sign-language-videos-100/Top 100 Videos Processed/17711_processed.mp4,drink,0,inf
gs://sign-language-videos-100/Top 100 Videos Processed/17712_processed.mp4,drink,0,inf
gs://sign-language-videos-100/Top 100 Videos Processed/17713_processed.mp4,drink,0,inf
gs://sign-language-videos-100/Top 100 Videos Processed/17709_processed.mp4,drink,0,inf
gs://sign-language-videos-100/Top 100 Videos Processed/17720_processed.mp4,drink,0,inf
gs://sign-language-videos-100/Top 100 Videos Processed/17721_processed.mp4,drink,0,inf
gs://sign-language-videos-100/Top 100 Videos Processed/17722_processed.mp4,drink,0,inf
gs://sign-language-videos-100/Top 100 Videos Processed/17723_processed.mp4,drink,0,inf
gs://sign-language-videos-100/Top 100 Videos Processed/17724_processed.mp4,drink,0,inf
gs://sign-language-videos-100/Top 100 Videos Processed/12328_processed.mp4,computer,0,inf
gs://sign-language-videos-100/Top 100 Videos Processed/12312_processed.mp4,computer,0,inf
gs://sign-language-videos-100/Top 100 Videos Processed/12311_processed.mp4,computer,0,inf
gs://sign-language-videos-100/Top 100 Videos Processed/12338_processed.mp4,computer,0,inf
gs://sign-language-videos-100/Top 100 Videos Processed/12313_processed.mp4,computer,0,inf
gs://sign-language-videos-100/Top 100 Videos Processed/12314_processed.mp4,computer,0,inf
gs://sign-language-videos-100/Top 100 Videos Processed/12315_processed.mp4,computer,0,inf
gs://sign-language-videos-100/Top 100 Videos Processed/12316_processed.mp4,computer,0,inf
gs://sign-language-videos-100/Top 100 Videos Processed/12317_processed.mp4,computer,0,inf
gs://sign-language-videos-100/Top 100 Videos Processed/12318_processed.mp4,computer,0,inf
gs://sign-language-videos-100/Top 100 Videos Processed/12319_processed.mp4,computer,0,inf
gs://sign-language-videos-100/Top 100 Videos Processed/12320_processed.mp4,computer,0,inf
gs://sign-language-videos-100/Top 100 Videos Processed/12326_processed.mp4,computer,0,inf
gs://sign-language-videos-100/Top 100 Videos Processed/12327_processed.mp4,computer,0,inf
gs://sign-language-videos-100/Top 100 Videos Processed/05728_processed.mp4,before,0,inf
gs://sign-language-videos-100/Top 100 Videos Processed/05749_processed.mp4,before,0,inf
gs://sign-language-videos-100/Top 100 Videos Processed/05750_processed.mp4,before,0,inf
gs://sign-language-videos-100/Top 100 Videos Processed/05729_processed.mp4,before,0,inf
gs://sign-language-videos-100/Top 100 Videos Processed/05730_processed.mp4,before,0,inf
gs://sign-language-videos-100/Top 100 Videos Processed/65167_processed.mp4,before,0,inf
gs://sign-language-videos-100/Top 100 Videos Processed/05731_processed.mp4,before,0,inf
gs://sign-language-videos-100/Top 100 Videos Processed/05732_processed.mp4,before,0,inf
gs://sign-language-videos-100/Top 100 Videos Processed/05733_processed.mp4,before,0,inf
gs://sign-language-videos-100/Top 100 Videos Processed/05734_processed.mp4,before,0,inf
gs://sign-language-videos-100/Top 100 Videos Processed/05727_processed.mp4,before,0,inf
gs://sign-language-videos-100/Top 100 Videos Processed/05739_processed.mp4,before,0,inf
gs://sign-language-videos-100/Top 100 Videos Processed/05740_processed.mp4,before,0,inf
gs://sign-language-videos-100/Top 100 Videos Processed/05741_processed.mp4,before,0,inf
gs://sign-language-videos-100/Top 100 Videos Processed/05742_processed.mp4,before,0,inf
gs://sign-language-videos-100/Top 100 Videos Processed/05743_processed.mp4,before,0,inf
gs://sign-language-videos-100/Top 100 Videos Processed/69345_processed.mp4,go,0,inf
gs://sign-language-videos-100/Top 100 Videos Processed/24955_processed.mp4,go,0,inf
gs://sign-language-videos-100/Top 100 Videos Processed/24956_processed.mp4,go,0,inf
gs://sign-language-videos-100/Top 100 Videos Processed/24941_processed.mp4,go,0,inf
gs://sign-language-videos-100/Top 100 Videos Processed/24960_processed.mp4,go,0,inf
gs://sign-language-videos-100/Top 100 Videos Processed/24961_processed.mp4,go,0,inf
gs://sign-language-videos-100/Top 100 Videos Processed/24962_processed.mp4,go,0,inf
gs://sign-language-videos-100/Top 100 Videos Processed/65824_processed.mp4,go,0,inf
gs://sign-language-videos-100/Top 100 Videos Processed/24973_processed.mp4,go,0,inf
gs://sign-language-videos-100/Top 100 Videos Processed/24943_processed.mp4,go,0,inf
gs://sign-language-videos-100/Top 100 Videos Processed/24946_processed.mp4,go,0,inf
gs://sign-language-videos-100/Top 100 Videos Processed/24947_processed.mp4,go,0,inf
gs://sign-language-videos-100/Top 100 Videos Processed/24940_processed.mp4,go,0,inf
gs://sign-language-videos-100/Top 100 Videos Processed/24952_processed.mp4,go,0,inf
gs://sign-language-videos-100/Top 100 Videos Processed/24954_processed.mp4,go,0,inf
gs://sign-language-videos-100/Top 100 Videos Processed/69534_processed.mp4,who,0,inf
gs://sign-language-videos-100/Top 100 Videos Processed/63242_processed.mp4,who,0,inf
gs://sign-language-videos-100/Top 100 Videos Processed/63226_processed.mp4,who,0,inf
gs://sign-language-videos-100/Top 100 Videos Processed/63227_processed.mp4,who,0,inf
gs://sign-language-videos-100/Top 100 Videos Processed/63228_processed.mp4,who,0,inf
gs://sign-language-videos-100/Top 100 Videos Processed/63229_processed.mp4,who,0,inf
gs://sign-language-videos-100/Top 100 Videos Processed/63230_processed.mp4,who,0,inf
gs://sign-language-videos-100/Top 100 Videos Processed/63231_processed.mp4,who,0,inf
gs://sign-language-videos-100/Top 100 Videos Processed/66778_processed.mp4,who,0,inf
gs://sign-language-videos-100/Top 100 Videos Processed/63232_processed.mp4,who,0,inf
gs://sign-language-videos-100/Top 100 Videos Processed/66779_processed.mp4,who,0,inf
gs://sign-language-videos-100/Top 100 Videos Processed/63225_processed.mp4,who,0,inf
gs://sign-language-videos-100/Top 100 Videos Processed/63236_processed.mp4,who,0,inf
gs://sign-language-videos-100/Top 100 Videos Processed/63237_processed.mp4,who,0,inf
gs://sign-language-videos-100/Top 100 Videos Processed/08929_processed.mp4,candy,0,inf
gs://sign-language-videos-100/Top 100 Videos Processed/08916_processed.mp4,candy,0,inf
gs://sign-language-videos-100/Top 100 Videos Processed/08917_processed.mp4,candy,0,inf
gs://sign-language-videos-100/Top 100 Videos Processed/08918_processed.mp4,candy,0,inf
gs://sign-language-videos-100/Top 100 Videos Processed/08919_processed.mp4,candy,0,inf
gs://sign-language-videos-100/Top 100 Videos Processed/08920_processed.mp4,candy,0,inf
gs://sign-language-videos-100/Top 100 Videos Processed/08921_processed.mp4,candy,0,inf
gs://sign-language-videos-100/Top 100 Videos Processed/65298_processed.mp4,candy,0,inf
gs://sign-language-videos-100/Top 100 Videos Processed/08924_processed.mp4,candy,0,inf
gs://sign-language-videos-100/Top 100 Videos Processed/65299_processed.mp4,candy,0,inf
gs://sign-language-videos-100/Top 100 Videos Processed/65300_processed.mp4,candy,0,inf
gs://sign-language-videos-100/Top 100 Videos Processed/08915_processed.mp4,candy,0,inf
gs://sign-language-videos-100/Top 100 Videos Processed/08925_processed.mp4,candy,0,inf
gs://sign-language-videos-100/Top 100 Videos Processed/65415_processed.mp4,cousin,0,inf
gs://sign-language-videos-100/Top 100 Videos Processed/13647_processed.mp4,cousin,0,inf
gs://sign-language-videos-100/Top 100 Videos Processed/13648_processed.mp4,cousin,0,inf
gs://sign-language-videos-100/Top 100 Videos Processed/13631_processed.mp4,cousin,0,inf
gs://sign-language-videos-100/Top 100 Videos Processed/13632_processed.mp4,cousin,0,inf
gs://sign-language-videos-100/Top 100 Videos Processed/13633_processed.mp4,cousin,0,inf
gs://sign-language-videos-100/Top 100 Videos Processed/13634_processed.mp4,cousin,0,inf
gs://sign-language-videos-100/Top 100 Videos Processed/13635_processed.mp4,cousin,0,inf
gs://sign-language-videos-100/Top 100 Videos Processed/13636_processed.mp4,cousin,0,inf
gs://sign-language-videos-100/Top 100 Videos Processed/13630_processed.mp4,cousin,0,inf
gs://sign-language-videos-100/Top 100 Videos Processed/13640_processed.mp4,cousin,0,inf
gs://sign-language-videos-100/Top 100 Videos Processed/13641_processed.mp4,cousin,0,inf
gs://sign-language-videos-100/Top 100 Videos Processed/13642_processed.mp4,cousin,0,inf
gs://sign-language-videos-100/Top 100 Videos Processed/13646_processed.mp4,cousin,0,inf
gs://sign-language-videos-100/Top 100 Videos Processed/14882_processed.mp4,deaf,0,inf
gs://sign-language-videos-100/Top 100 Videos Processed/14903_processed.mp4,deaf,0,inf
gs://sign-language-videos-100/Top 100 Videos Processed/14883_processed.mp4,deaf,0,inf
gs://sign-language-videos-100/Top 100 Videos Processed/14884_processed.mp4,deaf,0,inf
gs://sign-language-videos-100/Top 100 Videos Processed/14885_processed.mp4,deaf,0,inf
gs://sign-language-videos-100/Top 100 Videos Processed/14886_processed.mp4,deaf,0,inf
gs://sign-language-videos-100/Top 100 Videos Processed/65445_processed.mp4,deaf,0,inf
gs://sign-language-videos-100/Top 100 Videos Processed/14887_processed.mp4,deaf,0,inf
gs://sign-language-videos-100/Top 100 Videos Processed/14888_processed.mp4,deaf,0,inf
gs://sign-language-videos-100/Top 100 Videos Processed/14893_processed.mp4,deaf,0,inf
gs://sign-language-videos-100/Top 100 Videos Processed/14894_processed.mp4,deaf,0,inf
gs://sign-language-videos-100/Top 100 Videos Processed/69364_processed.mp4,help,0,inf
gs://sign-language-videos-100/Top 100 Videos Processed/27221_processed.mp4,help,0,inf
gs://sign-language-videos-100/Top 100 Videos Processed/27206_processed.mp4,help,0,inf
gs://sign-language-videos-100/Top 100 Videos Processed/27207_processed.mp4,help,0,inf
gs://sign-language-videos-100/Top 100 Videos Processed/27208_processed.mp4,help,0,inf
gs://sign-language-videos-100/Top 100 Videos Processed/27209_processed.mp4,help,0,inf
gs://sign-language-videos-100/Top 100 Videos Processed/65890_processed.mp4,help,0,inf
gs://sign-language-videos-100/Top 100 Videos Processed/27213_processed.mp4,help,0,inf
gs://sign-language-videos-100/Top 100 Videos Processed/27214_processed.mp4,help,0,inf
gs://sign-language-videos-100/Top 100 Videos Processed/65891_processed.mp4,help,0,inf
gs://sign-language-videos-100/Top 100 Videos Processed/65889_processed.mp4,help,0,inf
gs://sign-language-videos-100/Top 100 Videos Processed/27215_processed.mp4,help,0,inf
gs://sign-language-videos-100/Top 100 Videos Processed/27216_processed.mp4,help,0,inf
gs://sign-language-videos-100/Top 100 Videos Processed/27217_processed.mp4,help,0,inf
gs://sign-language-videos-100/Top 100 Videos Processed/69411_processed.mp4,no,0,inf
gs://sign-language-videos-100/Top 100 Videos Processed/38525_processed.mp4,no,0,inf
gs://sign-language-videos-100/Top 100 Videos Processed/38544_processed.mp4,no,0,inf
gs://sign-language-videos-100/Top 100 Videos Processed/38527_processed.mp4,no,0,inf
gs://sign-language-videos-100/Top 100 Videos Processed/38529_processed.mp4,no,0,inf
gs://sign-language-videos-100/Top 100 Videos Processed/38530_processed.mp4,no,0,inf
gs://sign-language-videos-100/Top 100 Videos Processed/38532_processed.mp4,no,0,inf
gs://sign-language-videos-100/Top 100 Videos Processed/38533_processed.mp4,no,0,inf
gs://sign-language-videos-100/Top 100 Videos Processed/66183_processed.mp4,no,0,inf
gs://sign-language-videos-100/Top 100 Videos Processed/38524_processed.mp4,no,0,inf
gs://sign-language-videos-100/Top 100 Videos Processed/38534_processed.mp4,no,0,inf
gs://sign-language-videos-100/Top 100 Videos Processed/57948_processed.mp4,thin,0,inf
gs://sign-language-videos-100/Top 100 Videos Processed/57949_processed.mp4,thin,0,inf
gs://sign-language-videos-100/Top 100 Videos Processed/57934_processed.mp4,thin,0,inf
gs://sign-language-videos-100/Top 100 Videos Processed/57953_processed.mp4,thin,0,inf
gs://sign-language-videos-100/Top 100 Videos Processed/57935_processed.mp4,thin,0,inf
gs://sign-language-videos-100/Top 100 Videos Processed/57936_processed.mp4,thin,0,inf
gs://sign-language-videos-100/Top 100 Videos Processed/57937_processed.mp4,thin,0,inf
gs://sign-language-videos-100/Top 100 Videos Processed/66606_processed.mp4,thin,0,inf
gs://sign-language-videos-100/Top 100 Videos Processed/57939_processed.mp4,thin,0,inf
gs://sign-language-videos-100/Top 100 Videos Processed/57940_processed.mp4,thin,0,inf
gs://sign-language-videos-100/Top 100 Videos Processed/57941_processed.mp4,thin,0,inf
gs://sign-language-videos-100/Top 100 Videos Processed/57942_processed.mp4,thin,0,inf
gs://sign-language-videos-100/Top 100 Videos Processed/66607_processed.mp4,thin,0,inf
gs://sign-language-videos-100/Top 100 Videos Processed/57933_processed.mp4,thin,0,inf
gs://sign-language-videos-100/Top 100 Videos Processed/57943_processed.mp4,thin,0,inf
gs://sign-language-videos-100/Top 100 Videos Processed/57947_processed.mp4,thin,0,inf
gs://sign-language-videos-100/Top 100 Videos Processed/62175_processed.mp4,walk,0,inf
gs://sign-language-videos-100/Top 100 Videos Processed/62159_processed.mp4,walk,0,inf
gs://sign-language-videos-100/Top 100 Videos Processed/62160_processed.mp4,walk,0,inf
gs://sign-language-videos-100/Top 100 Videos Processed/62163_processed.mp4,walk,0,inf
gs://sign-language-videos-100/Top 100 Videos Processed/62164_processed.mp4,walk,0,inf
gs://sign-language-videos-100/Top 100 Videos Processed/66743_processed.mp4,walk,0,inf
gs://sign-language-videos-100/Top 100 Videos Processed/66742_processed.mp4,walk,0,inf
gs://sign-language-videos-100/Top 100 Videos Processed/62158_processed.mp4,walk,0,inf
gs://sign-language-videos-100/Top 100 Videos Processed/62168_processed.mp4,walk,0,inf
gs://sign-language-videos-100/Top 100 Videos Processed/62169_processed.mp4,walk,0,inf
gs://sign-language-videos-100/Top 100 Videos Processed/62170_processed.mp4,walk,0,inf
gs://sign-language-videos-100/Top 100 Videos Processed/64211_processed.mp4,year,0,inf
gs://sign-language-videos-100/Top 100 Videos Processed/64224_processed.mp4,year,0,inf
gs://sign-language-videos-100/Top 100 Videos Processed/64210_processed.mp4,year,0,inf
gs://sign-language-videos-100/Top 100 Videos Processed/64212_processed.mp4,year,0,inf
gs://sign-language-videos-100/Top 100 Videos Processed/66818_processed.mp4,year,0,inf
gs://sign-language-videos-100/Top 100 Videos Processed/64213_processed.mp4,year,0,inf
gs://sign-language-videos-100/Top 100 Videos Processed/66816_processed.mp4,year,0,inf
gs://sign-language-videos-100/Top 100 Videos Processed/64209_processed.mp4,year,0,inf
gs://sign-language-videos-100/Top 100 Videos Processed/64219_processed.mp4,year,0,inf
gs://sign-language-videos-100/Top 100 Videos Processed/64218_processed.mp4,year,0,inf
gs://sign-language-videos-100/Top 100 Videos Processed/69546_processed.mp4,yes,0,inf
gs://sign-language-videos-100/Top 100 Videos Processed/64287_processed.mp4,yes,0,inf
gs://sign-language-videos-100/Top 100 Videos Processed/64284_processed.mp4,yes,0,inf
gs://sign-language-videos-100/Top 100 Videos Processed/64291_processed.mp4,yes,0,inf
gs://sign-language-videos-100/Top 100 Videos Processed/64292_processed.mp4,yes,0,inf
gs://sign-language-videos-100/Top 100 Videos Processed/64293_processed.mp4,yes,0,inf
gs://sign-language-videos-100/Top 100 Videos Processed/66820_processed.mp4,yes,0,inf
gs://sign-language-videos-100/Top 100 Videos Processed/64280_processed.mp4,yes,0,inf
gs://sign-language-videos-100/Top 100 Videos Processed/64300_processed.mp4,yes,0,inf
gs://sign-language-videos-100/Top 100 Videos Processed/64281_processed.mp4,yes,0,inf
gs://sign-language-videos-100/Top 100 Videos Processed/64288_processed.mp4,yes,0,inf
gs://sign-language-videos-100/Top 100 Videos Processed/64283_processed.mp4,yes,0,inf
gs://sign-language-videos-100/Top 100 Videos Processed/69236_processed.mp4,black,0,inf
gs://sign-language-videos-100/Top 100 Videos Processed/06472_processed.mp4,black,0,inf
gs://sign-language-videos-100/Top 100 Videos Processed/06473_processed.mp4,black,0,inf
gs://sign-language-videos-100/Top 100 Videos Processed/06474_processed.mp4,black,0,inf
gs://sign-language-videos-100/Top 100 Videos Processed/06476_processed.mp4,black,0,inf
gs://sign-language-videos-100/Top 100 Videos Processed/06477_processed.mp4,black,0,inf
gs://sign-language-videos-100/Top 100 Videos Processed/06478_processed.mp4,black,0,inf
gs://sign-language-videos-100/Top 100 Videos Processed/65200_processed.mp4,black,0,inf
gs://sign-language-videos-100/Top 100 Videos Processed/06471_processed.mp4,black,0,inf
gs://sign-language-videos-100/Top 100 Videos Processed/06486_processed.mp4,black,0,inf
gs://sign-language-videos-100/Top 100 Videos Processed/69281_processed.mp4,cool,0,inf
gs://sign-language-videos-100/Top 100 Videos Processed/65403_processed.mp4,cool,0,inf
gs://sign-language-videos-100/Top 100 Videos Processed/13213_processed.mp4,cool,0,inf
gs://sign-language-videos-100/Top 100 Videos Processed/13197_processed.mp4,cool,0,inf
gs://sign-language-videos-100/Top 100 Videos Processed/13216_processed.mp4,cool,0,inf
gs://sign-language-videos-100/Top 100 Videos Processed/13217_processed.mp4,cool,0,inf
gs://sign-language-videos-100/Top 100 Videos Processed/13198_processed.mp4,cool,0,inf
gs://sign-language-videos-100/Top 100 Videos Processed/13199_processed.mp4,cool,0,inf
gs://sign-language-videos-100/Top 100 Videos Processed/13200_processed.mp4,cool,0,inf
gs://sign-language-videos-100/Top 100 Videos Processed/13201_processed.mp4,cool,0,inf
gs://sign-language-videos-100/Top 100 Videos Processed/65402_processed.mp4,cool,0,inf
gs://sign-language-videos-100/Top 100 Videos Processed/13202_processed.mp4,cool,0,inf
gs://sign-language-videos-100/Top 100 Videos Processed/13203_processed.mp4,cool,0,inf
gs://sign-language-videos-100/Top 100 Videos Processed/13196_processed.mp4,cool,0,inf
gs://sign-language-videos-100/Top 100 Videos Processed/13208_processed.mp4,cool,0,inf
gs://sign-language-videos-100/Top 100 Videos Processed/13209_processed.mp4,cool,0,inf
gs://sign-language-videos-100/Top 100 Videos Processed/69368_processed.mp4,hot,0,inf
gs://sign-language-videos-100/Top 100 Videos Processed/28125_processed.mp4,hot,0,inf
gs://sign-language-videos-100/Top 100 Videos Processed/28108_processed.mp4,hot,0,inf
gs://sign-language-videos-100/Top 100 Videos Processed/28109_processed.mp4,hot,0,inf
gs://sign-language-videos-100/Top 100 Videos Processed/28110_processed.mp4,hot,0,inf
gs://sign-language-videos-100/Top 100 Videos Processed/28111_processed.mp4,hot,0,inf
gs://sign-language-videos-100/Top 100 Videos Processed/28112_processed.mp4,hot,0,inf
gs://sign-language-videos-100/Top 100 Videos Processed/28115_processed.mp4,hot,0,inf
gs://sign-language-videos-100/Top 100 Videos Processed/28116_processed.mp4,hot,0,inf
gs://sign-language-videos-100/Top 100 Videos Processed/28107_processed.mp4,hot,0,inf
gs://sign-language-videos-100/Top 100 Videos Processed/69389_processed.mp4,like,0,inf
gs://sign-language-videos-100/Top 100 Videos Processed/33266_processed.mp4,like,0,inf
gs://sign-language-videos-100/Top 100 Videos Processed/33285_processed.mp4,like,0,inf
gs://sign-language-videos-100/Top 100 Videos Processed/33267_processed.mp4,like,0,inf
gs://sign-language-videos-100/Top 100 Videos Processed/33286_processed.mp4,like,0,inf
gs://sign-language-videos-100/Top 100 Videos Processed/33268_processed.mp4,like,0,inf
gs://sign-language-videos-100/Top 100 Videos Processed/33269_processed.mp4,like,0,inf
gs://sign-language-videos-100/Top 100 Videos Processed/33270_processed.mp4,like,0,inf
gs://sign-language-videos-100/Top 100 Videos Processed/33273_processed.mp4,like,0,inf
gs://sign-language-videos-100/Top 100 Videos Processed/33274_processed.mp4,like,0,inf
gs://sign-language-videos-100/Top 100 Videos Processed/69396_processed.mp4,many,0,inf
gs://sign-language-videos-100/Top 100 Videos Processed/34823_processed.mp4,many,0,inf
gs://sign-language-videos-100/Top 100 Videos Processed/34824_processed.mp4,many,0,inf
gs://sign-language-videos-100/Top 100 Videos Processed/34825_processed.mp4,many,0,inf
gs://sign-language-videos-100/Top 100 Videos Processed/34826_processed.mp4,many,0,inf
gs://sign-language-videos-100/Top 100 Videos Processed/34827_processed.mp4,many,0,inf
gs://sign-language-videos-100/Top 100 Videos Processed/34830_processed.mp4,many,0,inf
gs://sign-language-videos-100/Top 100 Videos Processed/34831_processed.mp4,many,0,inf
gs://sign-language-videos-100/Top 100 Videos Processed/34832_processed.mp4,many,0,inf
gs://sign-language-videos-100/Top 100 Videos Processed/34839_processed.mp4,many,0,inf
gs://sign-language-videos-100/Top 100 Videos Processed/69402_processed.mp4,mother,0,inf
gs://sign-language-videos-100/Top 100 Videos Processed/36946_processed.mp4,mother,0,inf
gs://sign-language-videos-100/Top 100 Videos Processed/36930_processed.mp4,mother,0,inf
gs://sign-language-videos-100/Top 100 Videos Processed/36931_processed.mp4,mother,0,inf
gs://sign-language-videos-100/Top 100 Videos Processed/36932_processed.mp4,mother,0,inf
gs://sign-language-videos-100/Top 100 Videos Processed/36933_processed.mp4,mother,0,inf
gs://sign-language-videos-100/Top 100 Videos Processed/36936_processed.mp4,mother,0,inf
gs://sign-language-videos-100/Top 100 Videos Processed/36937_processed.mp4,mother,0,inf
gs://sign-language-videos-100/Top 100 Videos Processed/66147_processed.mp4,mother,0,inf
gs://sign-language-videos-100/Top 100 Videos Processed/66146_processed.mp4,mother,0,inf
gs://sign-language-videos-100/Top 100 Videos Processed/36929_processed.mp4,mother,0,inf
gs://sign-language-videos-100/Top 100 Videos Processed/69422_processed.mp4,orange,0,inf
gs://sign-language-videos-100/Top 100 Videos Processed/40115_processed.mp4,orange,0,inf
gs://sign-language-videos-100/Top 100 Videos Processed/40116_processed.mp4,orange,0,inf
gs://sign-language-videos-100/Top 100 Videos Processed/40117_processed.mp4,orange,0,inf
gs://sign-language-videos-100/Top 100 Videos Processed/40118_processed.mp4,orange,0,inf
gs://sign-language-videos-100/Top 100 Videos Processed/40119_processed.mp4,orange,0,inf
gs://sign-language-videos-100/Top 100 Videos Processed/40121_processed.mp4,orange,0,inf
gs://sign-language-videos-100/Top 100 Videos Processed/66246_processed.mp4,orange,0,inf
gs://sign-language-videos-100/Top 100 Videos Processed/40129_processed.mp4,orange,0,inf
gs://sign-language-videos-100/Top 100 Videos Processed/40130_processed.mp4,orange,0,inf
gs://sign-language-videos-100/Top 100 Videos Processed/57628_processed.mp4,thanksgiving,0,inf
gs://sign-language-videos-100/Top 100 Videos Processed/57647_processed.mp4,thanksgiving,0,inf
gs://sign-language-videos-100/Top 100 Videos Processed/57629_processed.mp4,thanksgiving,0,inf
gs://sign-language-videos-100/Top 100 Videos Processed/57630_processed.mp4,thanksgiving,0,inf
gs://sign-language-videos-100/Top 100 Videos Processed/57631_processed.mp4,thanksgiving,0,inf
gs://sign-language-videos-100/Top 100 Videos Processed/57632_processed.mp4,thanksgiving,0,inf
gs://sign-language-videos-100/Top 100 Videos Processed/57633_processed.mp4,thanksgiving,0,inf
gs://sign-language-videos-100/Top 100 Videos Processed/57634_processed.mp4,thanksgiving,0,inf
gs://sign-language-videos-100/Top 100 Videos Processed/57635_processed.mp4,thanksgiving,0,inf
gs://sign-language-videos-100/Top 100 Videos Processed/57638_processed.mp4,thanksgiving,0,inf
gs://sign-language-videos-100/Top 100 Videos Processed/57639_processed.mp4,thanksgiving,0,inf
gs://sign-language-videos-100/Top 100 Videos Processed/57640_processed.mp4,thanksgiving,0,inf
gs://sign-language-videos-100/Top 100 Videos Processed/57641_processed.mp4,thanksgiving,0,inf
gs://sign-language-videos-100/Top 100 Videos Processed/69531_processed.mp4,what,0,inf
gs://sign-language-videos-100/Top 100 Videos Processed/62967_processed.mp4,what,0,inf
gs://sign-language-videos-100/Top 100 Videos Processed/62968_processed.mp4,what,0,inf
gs://sign-language-videos-100/Top 100 Videos Processed/62970_processed.mp4,what,0,inf
gs://sign-language-videos-100/Top 100 Videos Processed/66769_processed.mp4,what,0,inf
gs://sign-language-videos-100/Top 100 Videos Processed/62987_processed.mp4,what,0,inf
gs://sign-language-videos-100/Top 100 Videos Processed/62964_processed.mp4,what,0,inf
gs://sign-language-videos-100/Top 100 Videos Processed/62988_processed.mp4,what,0,inf
gs://sign-language-videos-100/Top 100 Videos Processed/62975_processed.mp4,what,0,inf
gs://sign-language-videos-100/Top 100 Videos Processed/62965_processed.mp4,what,0,inf
gs://sign-language-videos-100/Top 100 Videos Processed/62979_processed.mp4,what,0,inf
gs://sign-language-videos-100/Top 100 Videos Processed/62966_processed.mp4,what,0,inf
gs://sign-language-videos-100/Top 100 Videos Processed/63679_processed.mp4,woman,0,inf
gs://sign-language-videos-100/Top 100 Videos Processed/63665_processed.mp4,woman,0,inf
gs://sign-language-videos-100/Top 100 Videos Processed/63666_processed.mp4,woman,0,inf
gs://sign-language-videos-100/Top 100 Videos Processed/63667_processed.mp4,woman,0,inf
gs://sign-language-videos-100/Top 100 Videos Processed/63668_processed.mp4,woman,0,inf
gs://sign-language-videos-100/Top 100 Videos Processed/63669_processed.mp4,woman,0,inf
gs://sign-language-videos-100/Top 100 Videos Processed/63672_processed.mp4,woman,0,inf
gs://sign-language-videos-100/Top 100 Videos Processed/63673_processed.mp4,woman,0,inf
gs://sign-language-videos-100/Top 100 Videos Processed/66798_processed.mp4,woman,0,inf
gs://sign-language-videos-100/Top 100 Videos Processed/66799_processed.mp4,woman,0,inf
gs://sign-language-videos-100/Top 100 Videos Processed/63664_processed.mp4,woman,0,inf
gs://sign-language-videos-100/Top 100 Videos Processed/05644_processed.mp4,bed,0,inf
gs://sign-language-videos-100/Top 100 Videos Processed/05629_processed.mp4,bed,0,inf
gs://sign-language-videos-100/Top 100 Videos Processed/05630_processed.mp4,bed,0,inf
gs://sign-language-videos-100/Top 100 Videos Processed/05631_processed.mp4,bed,0,inf
gs://sign-language-videos-100/Top 100 Videos Processed/05632_processed.mp4,bed,0,inf
gs://sign-language-videos-100/Top 100 Videos Processed/05633_processed.mp4,bed,0,inf
gs://sign-language-videos-100/Top 100 Videos Processed/05634_processed.mp4,bed,0,inf
gs://sign-language-videos-100/Top 100 Videos Processed/05636_processed.mp4,bed,0,inf
gs://sign-language-videos-100/Top 100 Videos Processed/65162_processed.mp4,bed,0,inf
gs://sign-language-videos-100/Top 100 Videos Processed/05637_processed.mp4,bed,0,inf
gs://sign-language-videos-100/Top 100 Videos Processed/65163_processed.mp4,bed,0,inf
gs://sign-language-videos-100/Top 100 Videos Processed/65161_processed.mp4,bed,0,inf
gs://sign-language-videos-100/Top 100 Videos Processed/05638_processed.mp4,bed,0,inf
gs://sign-language-videos-100/Top 100 Videos Processed/07389_processed.mp4,bowling,0,inf
gs://sign-language-videos-100/Top 100 Videos Processed/07390_processed.mp4,bowling,0,inf
gs://sign-language-videos-100/Top 100 Videos Processed/07391_processed.mp4,bowling,0,inf
gs://sign-language-videos-100/Top 100 Videos Processed/07392_processed.mp4,bowling,0,inf
gs://sign-language-videos-100/Top 100 Videos Processed/07393_processed.mp4,bowling,0,inf
gs://sign-language-videos-100/Top 100 Videos Processed/07394_processed.mp4,bowling,0,inf
gs://sign-language-videos-100/Top 100 Videos Processed/07397_processed.mp4,bowling,0,inf
gs://sign-language-videos-100/Top 100 Videos Processed/65242_processed.mp4,bowling,0,inf
gs://sign-language-videos-100/Top 100 Videos Processed/65241_processed.mp4,bowling,0,inf
gs://sign-language-videos-100/Top 100 Videos Processed/07388_processed.mp4,bowling,0,inf
gs://sign-language-videos-100/Top 100 Videos Processed/07398_processed.mp4,bowling,0,inf
gs://sign-language-videos-100/Top 100 Videos Processed/07399_processed.mp4,bowling,0,inf
gs://sign-language-videos-100/Top 100 Videos Processed/07400_processed.mp4,bowling,0,inf
gs://sign-language-videos-100/Top 100 Videos Processed/69298_processed.mp4,dog,0,inf
gs://sign-language-videos-100/Top 100 Videos Processed/17097_processed.mp4,dog,0,inf
gs://sign-language-videos-100/Top 100 Videos Processed/17084_processed.mp4,dog,0,inf
gs://sign-language-videos-100/Top 100 Videos Processed/17085_processed.mp4,dog,0,inf
gs://sign-language-videos-100/Top 100 Videos Processed/17086_processed.mp4,dog,0,inf
gs://sign-language-videos-100/Top 100 Videos Processed/17087_processed.mp4,dog,0,inf
gs://sign-language-videos-100/Top 100 Videos Processed/17090_processed.mp4,dog,0,inf
gs://sign-language-videos-100/Top 100 Videos Processed/17091_processed.mp4,dog,0,inf
gs://sign-language-videos-100/Top 100 Videos Processed/65506_processed.mp4,dog,0,inf
gs://sign-language-videos-100/Top 100 Videos Processed/65507_processed.mp4,dog,0,inf
gs://sign-language-videos-100/Top 100 Videos Processed/17083_processed.mp4,dog,0,inf
gs://sign-language-videos-100/Top 100 Videos Processed/69316_processed.mp4,family,0,inf
gs://sign-language-videos-100/Top 100 Videos Processed/20980_processed.mp4,family,0,inf
gs://sign-language-videos-100/Top 100 Videos Processed/20981_processed.mp4,family,0,inf
gs://sign-language-videos-100/Top 100 Videos Processed/20982_processed.mp4,family,0,inf
gs://sign-language-videos-100/Top 100 Videos Processed/20983_processed.mp4,family,0,inf
gs://sign-language-videos-100/Top 100 Videos Processed/20986_processed.mp4,family,0,inf
gs://sign-language-videos-100/Top 100 Videos Processed/20987_processed.mp4,family,0,inf
gs://sign-language-videos-100/Top 100 Videos Processed/65677_processed.mp4,family,0,inf
gs://sign-language-videos-100/Top 100 Videos Processed/20978_processed.mp4,family,0,inf
gs://sign-language-videos-100/Top 100 Videos Processed/20992_processed.mp4,family,0,inf
gs://sign-language-videos-100/Top 100 Videos Processed/20979_processed.mp4,family,0,inf
gs://sign-language-videos-100/Top 100 Videos Processed/69325_processed.mp4,fish,0,inf
gs://sign-language-videos-100/Top 100 Videos Processed/22130_processed.mp4,fish,0,inf
gs://sign-language-videos-100/Top 100 Videos Processed/22114_processed.mp4,fish,0,inf
gs://sign-language-videos-100/Top 100 Videos Processed/22115_processed.mp4,fish,0,inf
gs://sign-language-videos-100/Top 100 Videos Processed/22116_processed.mp4,fish,0,inf
gs://sign-language-videos-100/Top 100 Videos Processed/22117_processed.mp4,fish,0,inf
gs://sign-language-videos-100/Top 100 Videos Processed/22120_processed.mp4,fish,0,inf
gs://sign-language-videos-100/Top 100 Videos Processed/22121_processed.mp4,fish,0,inf
gs://sign-language-videos-100/Top 100 Videos Processed/65731_processed.mp4,fish,0,inf
gs://sign-language-videos-100/Top 100 Videos Processed/22113_processed.mp4,fish,0,inf
gs://sign-language-videos-100/Top 100 Videos Processed/25339_processed.mp4,graduate,0,inf
gs://sign-language-videos-100/Top 100 Videos Processed/25322_processed.mp4,graduate,0,inf
gs://sign-language-videos-100/Top 100 Videos Processed/25323_processed.mp4,graduate,0,inf
gs://sign-language-videos-100/Top 100 Videos Processed/25324_processed.mp4,graduate,0,inf
gs://sign-language-videos-100/Top 100 Videos Processed/25325_processed.mp4,graduate,0,inf
gs://sign-language-videos-100/Top 100 Videos Processed/25326_processed.mp4,graduate,0,inf
gs://sign-language-videos-100/Top 100 Videos Processed/65843_processed.mp4,graduate,0,inf
gs://sign-language-videos-100/Top 100 Videos Processed/25329_processed.mp4,graduate,0,inf
gs://sign-language-videos-100/Top 100 Videos Processed/25330_processed.mp4,graduate,0,inf
gs://sign-language-videos-100/Top 100 Videos Processed/25321_processed.mp4,graduate,0,inf
gs://sign-language-videos-100/Top 100 Videos Processed/32156_processed.mp4,language,0,inf
gs://sign-language-videos-100/Top 100 Videos Processed/32157_processed.mp4,language,0,inf
gs://sign-language-videos-100/Top 100 Videos Processed/32158_processed.mp4,language,0,inf
gs://sign-language-videos-100/Top 100 Videos Processed/32160_processed.mp4,language,0,inf
gs://sign-language-videos-100/Top 100 Videos Processed/32163_processed.mp4,language,0,inf
gs://sign-language-videos-100/Top 100 Videos Processed/66008_processed.mp4,language,0,inf
gs://sign-language-videos-100/Top 100 Videos Processed/66007_processed.mp4,language,0,inf
gs://sign-language-videos-100/Top 100 Videos Processed/32154_processed.mp4,language,0,inf
gs://sign-language-videos-100/Top 100 Videos Processed/32167_processed.mp4,language,0,inf
gs://sign-language-videos-100/Top 100 Videos Processed/32155_processed.mp4,language,0,inf
gs://sign-language-videos-100/Top 100 Videos Processed/32337_processed.mp4,later,0,inf
gs://sign-language-videos-100/Top 100 Videos Processed/32338_processed.mp4,later,0,inf
gs://sign-language-videos-100/Top 100 Videos Processed/32320_processed.mp4,later,0,inf
gs://sign-language-videos-100/Top 100 Videos Processed/32321_processed.mp4,later,0,inf
gs://sign-language-videos-100/Top 100 Videos Processed/32322_processed.mp4,later,0,inf
gs://sign-language-videos-100/Top 100 Videos Processed/32323_processed.mp4,later,0,inf
gs://sign-language-videos-100/Top 100 Videos Processed/32324_processed.mp4,later,0,inf
gs://sign-language-videos-100/Top 100 Videos Processed/32325_processed.mp4,later,0,inf
gs://sign-language-videos-100/Top 100 Videos Processed/66015_processed.mp4,later,0,inf
gs://sign-language-videos-100/Top 100 Videos Processed/32326_processed.mp4,later,0,inf
gs://sign-language-videos-100/Top 100 Videos Processed/66014_processed.mp4,later,0,inf
gs://sign-language-videos-100/Top 100 Videos Processed/32333_processed.mp4,later,0,inf
gs://sign-language-videos-100/Top 100 Videos Processed/69395_processed.mp4,man,0,inf
gs://sign-language-videos-100/Top 100 Videos Processed/34746_processed.mp4,man,0,inf
gs://sign-language-videos-100/Top 100 Videos Processed/34733_processed.mp4,man,0,inf
gs://sign-language-videos-100/Top 100 Videos Processed/34734_processed.mp4,man,0,inf
gs://sign-language-videos-100/Top 100 Videos Processed/34736_processed.mp4,man,0,inf
gs://sign-language-videos-100/Top 100 Videos Processed/34737_processed.mp4,man,0,inf
gs://sign-language-videos-100/Top 100 Videos Processed/34738_processed.mp4,man,0,inf
gs://sign-language-videos-100/Top 100 Videos Processed/66098_processed.mp4,man,0,inf
gs://sign-language-videos-100/Top 100 Videos Processed/66099_processed.mp4,man,0,inf
gs://sign-language-videos-100/Top 100 Videos Processed/66097_processed.mp4,man,0,inf
gs://sign-language-videos-100/Top 100 Videos Processed/34732_processed.mp4,man,0,inf
gs://sign-language-videos-100/Top 100 Videos Processed/34742_processed.mp4,man,0,inf
gs://sign-language-videos-100/Top 100 Videos Processed/51057_processed.mp4,shirt,0,inf
gs://sign-language-videos-100/Top 100 Videos Processed/51081_processed.mp4,shirt,0,inf
gs://sign-language-videos-100/Top 100 Videos Processed/51056_processed.mp4,shirt,0,inf
gs://sign-language-videos-100/Top 100 Videos Processed/51058_processed.mp4,shirt,0,inf
gs://sign-language-videos-100/Top 100 Videos Processed/51059_processed.mp4,shirt,0,inf
gs://sign-language-videos-100/Top 100 Videos Processed/51060_processed.mp4,shirt,0,inf
gs://sign-language-videos-100/Top 100 Videos Processed/51061_processed.mp4,shirt,0,inf
gs://sign-language-videos-100/Top 100 Videos Processed/51063_processed.mp4,shirt,0,inf
gs://sign-language-videos-100/Top 100 Videos Processed/51064_processed.mp4,shirt,0,inf
gs://sign-language-videos-100/Top 100 Videos Processed/51066_processed.mp4,shirt,0,inf
gs://sign-language-videos-100/Top 100 Videos Processed/51067_processed.mp4,shirt,0,inf
gs://sign-language-videos-100/Top 100 Videos Processed/51068_processed.mp4,shirt,0,inf
gs://sign-language-videos-100/Top 100 Videos Processed/55364_processed.mp4,study,0,inf
gs://sign-language-videos-100/Top 100 Videos Processed/55365_processed.mp4,study,0,inf
gs://sign-language-videos-100/Top 100 Videos Processed/55366_processed.mp4,study,0,inf
gs://sign-language-videos-100/Top 100 Videos Processed/55368_processed.mp4,study,0,inf
gs://sign-language-videos-100/Top 100 Videos Processed/55369_processed.mp4,study,0,inf
gs://sign-language-videos-100/Top 100 Videos Processed/66575_processed.mp4,study,0,inf
gs://sign-language-videos-100/Top 100 Videos Processed/55361_processed.mp4,study,0,inf
gs://sign-language-videos-100/Top 100 Videos Processed/55375_processed.mp4,study,0,inf
gs://sign-language-videos-100/Top 100 Videos Processed/55362_processed.mp4,study,0,inf
gs://sign-language-videos-100/Top 100 Videos Processed/55363_processed.mp4,study,0,inf
gs://sign-language-videos-100/Top 100 Videos Processed/56852_processed.mp4,tall,0,inf
gs://sign-language-videos-100/Top 100 Videos Processed/56838_processed.mp4,tall,0,inf
gs://sign-language-videos-100/Top 100 Videos Processed/56839_processed.mp4,tall,0,inf
gs://sign-language-videos-100/Top 100 Videos Processed/56840_processed.mp4,tall,0,inf
gs://sign-language-videos-100/Top 100 Videos Processed/56841_processed.mp4,tall,0,inf
gs://sign-language-videos-100/Top 100 Videos Processed/56842_processed.mp4,tall,0,inf
gs://sign-language-videos-100/Top 100 Videos Processed/56843_processed.mp4,tall,0,inf
gs://sign-language-videos-100/Top 100 Videos Processed/56844_processed.mp4,tall,0,inf
gs://sign-language-videos-100/Top 100 Videos Processed/66591_processed.mp4,tall,0,inf
gs://sign-language-videos-100/Top 100 Videos Processed/56846_processed.mp4,tall,0,inf
gs://sign-language-videos-100/Top 100 Videos Processed/66592_processed.mp4,tall,0,inf
gs://sign-language-videos-100/Top 100 Videos Processed/56837_processed.mp4,tall,0,inf
gs://sign-language-videos-100/Top 100 Videos Processed/56848_processed.mp4,tall,0,inf
gs://sign-language-videos-100/Top 100 Videos Processed/69533_processed.mp4,white,0,inf
gs://sign-language-videos-100/Top 100 Videos Processed/63204_processed.mp4,white,0,inf
gs://sign-language-videos-100/Top 100 Videos Processed/63205_processed.mp4,white,0,inf
gs://sign-language-videos-100/Top 100 Videos Processed/63207_processed.mp4,white,0,inf
gs://sign-language-videos-100/Top 100 Videos Processed/63208_processed.mp4,white,0,inf
gs://sign-language-videos-100/Top 100 Videos Processed/63200_processed.mp4,white,0,inf
gs://sign-language-videos-100/Top 100 Videos Processed/63214_processed.mp4,white,0,inf
gs://sign-language-videos-100/Top 100 Videos Processed/63201_processed.mp4,white,0,inf
gs://sign-language-videos-100/Top 100 Videos Processed/63202_processed.mp4,white,0,inf
gs://sign-language-videos-100/Top 100 Videos Processed/63203_processed.mp4,white,0,inf
gs://sign-language-videos-100/Top 100 Videos Processed/00639_processed.mp4,accident,0,inf
gs://sign-language-videos-100/Top 100 Videos Processed/00624_processed.mp4,accident,0,inf
gs://sign-language-videos-100/Top 100 Videos Processed/00625_processed.mp4,accident,0,inf
gs://sign-language-videos-100/Top 100 Videos Processed/00626_processed.mp4,accident,0,inf
gs://sign-language-videos-100/Top 100 Videos Processed/00627_processed.mp4,accident,0,inf
gs://sign-language-videos-100/Top 100 Videos Processed/00628_processed.mp4,accident,0,inf
gs://sign-language-videos-100/Top 100 Videos Processed/00629_processed.mp4,accident,0,inf
gs://sign-language-videos-100/Top 100 Videos Processed/00631_processed.mp4,accident,0,inf
gs://sign-language-videos-100/Top 100 Videos Processed/00632_processed.mp4,accident,0,inf
gs://sign-language-videos-100/Top 100 Videos Processed/65009_processed.mp4,accident,0,inf
gs://sign-language-videos-100/Top 100 Videos Processed/00623_processed.mp4,accident,0,inf
gs://sign-language-videos-100/Top 100 Videos Processed/00633_processed.mp4,accident,0,inf
gs://sign-language-videos-100/Top 100 Videos Processed/00634_processed.mp4,accident,0,inf
gs://sign-language-videos-100/Top 100 Videos Processed/69213_processed.mp4,apple,0,inf
gs://sign-language-videos-100/Top 100 Videos Processed/03005_processed.mp4,apple,0,inf
gs://sign-language-videos-100/Top 100 Videos Processed/03008_processed.mp4,apple,0,inf
gs://sign-language-videos-100/Top 100 Videos Processed/65085_processed.mp4,apple,0,inf
gs://sign-language-videos-100/Top 100 Videos Processed/65086_processed.mp4,apple,0,inf
gs://sign-language-videos-100/Top 100 Videos Processed/65084_processed.mp4,apple,0,inf
gs://sign-language-videos-100/Top 100 Videos Processed/02999_processed.mp4,apple,0,inf
gs://sign-language-videos-100/Top 100 Videos Processed/03000_processed.mp4,apple,0,inf
gs://sign-language-videos-100/Top 100 Videos Processed/03001_processed.mp4,apple,0,inf
gs://sign-language-videos-100/Top 100 Videos Processed/03002_processed.mp4,apple,0,inf
gs://sign-language-videos-100/Top 100 Videos Processed/03003_processed.mp4,apple,0,inf
gs://sign-language-videos-100/Top 100 Videos Processed/69233_processed.mp4,bird,0,inf
gs://sign-language-videos-100/Top 100 Videos Processed/06333_processed.mp4,bird,0,inf
gs://sign-language-videos-100/Top 100 Videos Processed/06334_processed.mp4,bird,0,inf
gs://sign-language-videos-100/Top 100 Videos Processed/06335_processed.mp4,bird,0,inf
gs://sign-language-videos-100/Top 100 Videos Processed/06337_processed.mp4,bird,0,inf
gs://sign-language-videos-100/Top 100 Videos Processed/65187_processed.mp4,bird,0,inf
gs://sign-language-videos-100/Top 100 Videos Processed/06330_processed.mp4,bird,0,inf
gs://sign-language-videos-100/Top 100 Videos Processed/06343_processed.mp4,bird,0,inf
gs://sign-language-videos-100/Top 100 Videos Processed/06331_processed.mp4,bird,0,inf
gs://sign-language-videos-100/Top 100 Videos Processed/06332_processed.mp4,bird,0,inf
gs://sign-language-videos-100/Top 100 Videos Processed/09966_processed.mp4,change,0,inf
gs://sign-language-videos-100/Top 100 Videos Processed/09967_processed.mp4,change,0,inf
gs://sign-language-videos-100/Top 100 Videos Processed/09950_processed.mp4,change,0,inf
gs://sign-language-videos-100/Top 100 Videos Processed/09970_processed.mp4,change,0,inf
gs://sign-language-videos-100/Top 100 Videos Processed/09953_processed.mp4,change,0,inf
gs://sign-language-videos-100/Top 100 Videos Processed/09954_processed.mp4,change,0,inf
gs://sign-language-videos-100/Top 100 Videos Processed/09955_processed.mp4,change,0,inf
gs://sign-language-videos-100/Top 100 Videos Processed/09956_processed.mp4,change,0,inf
gs://sign-language-videos-100/Top 100 Videos Processed/09957_processed.mp4,change,0,inf
gs://sign-language-videos-100/Top 100 Videos Processed/09949_processed.mp4,change,0,inf
gs://sign-language-videos-100/Top 100 Videos Processed/09960_processed.mp4,change,0,inf
gs://sign-language-videos-100/Top 100 Videos Processed/09963_processed.mp4,change,0,inf
gs://sign-language-videos-100/Top 100 Videos Processed/69282_processed.mp4,corn,0,inf
gs://sign-language-videos-100/Top 100 Videos Processed/13337_processed.mp4,corn,0,inf
gs://sign-language-videos-100/Top 100 Videos Processed/13325_processed.mp4,corn,0,inf
gs://sign-language-videos-100/Top 100 Videos Processed/13326_processed.mp4,corn,0,inf
gs://sign-language-videos-100/Top 100 Videos Processed/13327_processed.mp4,corn,0,inf
gs://sign-language-videos-100/Top 100 Videos Processed/13328_processed.mp4,corn,0,inf
gs://sign-language-videos-100/Top 100 Videos Processed/13329_processed.mp4,corn,0,inf
gs://sign-language-videos-100/Top 100 Videos Processed/65408_processed.mp4,corn,0,inf
gs://sign-language-videos-100/Top 100 Videos Processed/65409_processed.mp4,corn,0,inf
gs://sign-language-videos-100/Top 100 Videos Processed/13323_processed.mp4,corn,0,inf
gs://sign-language-videos-100/Top 100 Videos Processed/13333_processed.mp4,corn,0,inf
gs://sign-language-videos-100/Top 100 Videos Processed/13334_processed.mp4,corn,0,inf
gs://sign-language-videos-100/Top 100 Videos Processed/69290_processed.mp4,dark,0,inf
gs://sign-language-videos-100/Top 100 Videos Processed/14673_processed.mp4,dark,0,inf
gs://sign-language-videos-100/Top 100 Videos Processed/14674_processed.mp4,dark,0,inf
gs://sign-language-videos-100/Top 100 Videos Processed/14675_processed.mp4,dark,0,inf
gs://sign-language-videos-100/Top 100 Videos Processed/14676_processed.mp4,dark,0,inf
gs://sign-language-videos-100/Top 100 Videos Processed/14680_processed.mp4,dark,0,inf
gs://sign-language-videos-100/Top 100 Videos Processed/65439_processed.mp4,dark,0,inf
gs://sign-language-videos-100/Top 100 Videos Processed/65440_processed.mp4,dark,0,inf
gs://sign-language-videos-100/Top 100 Videos Processed/14671_processed.mp4,dark,0,inf
gs://sign-language-videos-100/Top 100 Videos Processed/14681_processed.mp4,dark,0,inf
gs://sign-language-videos-100/Top 100 Videos Processed/14685_processed.mp4,dark,0,inf
gs://sign-language-videos-100/Top 100 Videos Processed/14672_processed.mp4,dark,0,inf
gs://sign-language-videos-100/Top 100 Videos Processed/17015_processed.mp4,doctor,0,inf
gs://sign-language-videos-100/Top 100 Videos Processed/17016_processed.mp4,doctor,0,inf
gs://sign-language-videos-100/Top 100 Videos Processed/17017_processed.mp4,doctor,0,inf
gs://sign-language-videos-100/Top 100 Videos Processed/17019_processed.mp4,doctor,0,inf
gs://sign-language-videos-100/Top 100 Videos Processed/17020_processed.mp4,doctor,0,inf
gs://sign-language-videos-100/Top 100 Videos Processed/65503_processed.mp4,doctor,0,inf
gs://sign-language-videos-100/Top 100 Videos Processed/65504_processed.mp4,doctor,0,inf
gs://sign-language-videos-100/Top 100 Videos Processed/17013_processed.mp4,doctor,0,inf
gs://sign-language-videos-100/Top 100 Videos Processed/17026_processed.mp4,doctor,0,inf
gs://sign-language-videos-100/Top 100 Videos Processed/17014_processed.mp4,doctor,0,inf
gs://sign-language-videos-100/Top 100 Videos Processed/69343_processed.mp4,give,0,inf
gs://sign-language-videos-100/Top 100 Videos Processed/24660_processed.mp4,give,0,inf
gs://sign-language-videos-100/Top 100 Videos Processed/24638_processed.mp4,give,0,inf
gs://sign-language-videos-100/Top 100 Videos Processed/24639_processed.mp4,give,0,inf
gs://sign-language-videos-100/Top 100 Videos Processed/24640_processed.mp4,give,0,inf
gs://sign-language-videos-100/Top 100 Videos Processed/24641_processed.mp4,give,0,inf
gs://sign-language-videos-100/Top 100 Videos Processed/24636_processed.mp4,give,0,inf
gs://sign-language-videos-100/Top 100 Videos Processed/24648_processed.mp4,give,0,inf
gs://sign-language-videos-100/Top 100 Videos Processed/24649_processed.mp4,give,0,inf
gs://sign-language-videos-100/Top 100 Videos Processed/24651_processed.mp4,give,0,inf
gs://sign-language-videos-100/Top 100 Videos Processed/66010_processed.mp4,last,0,inf
gs://sign-language-videos-100/Top 100 Videos Processed/32263_processed.mp4,last,0,inf
gs://sign-language-videos-100/Top 100 Videos Processed/32248_processed.mp4,last,0,inf
gs://sign-language-videos-100/Top 100 Videos Processed/32249_processed.mp4,last,0,inf
gs://sign-language-videos-100/Top 100 Videos Processed/32250_processed.mp4,last,0,inf
gs://sign-language-videos-100/Top 100 Videos Processed/32253_processed.mp4,last,0,inf
gs://sign-language-videos-100/Top 100 Videos Processed/32254_processed.mp4,last,0,inf
gs://sign-language-videos-100/Top 100 Videos Processed/32255_processed.mp4,last,0,inf
gs://sign-language-videos-100/Top 100 Videos Processed/32246_processed.mp4,last,0,inf
gs://sign-language-videos-100/Top 100 Videos Processed/32257_processed.mp4,last,0,inf
gs://sign-language-videos-100/Top 100 Videos Processed/32260_processed.mp4,last,0,inf
gs://sign-language-videos-100/Top 100 Videos Processed/32261_processed.mp4,last,0,inf
gs://sign-language-videos-100/Top 100 Videos Processed/69431_processed.mp4,pizza,0,inf
gs://sign-language-videos-100/Top 100 Videos Processed/42977_processed.mp4,pizza,0,inf
gs://sign-language-videos-100/Top 100 Videos Processed/42958_processed.mp4,pizza,0,inf
gs://sign-language-videos-100/Top 100 Videos Processed/42959_processed.mp4,pizza,0,inf
gs://sign-language-videos-100/Top 100 Videos Processed/42960_processed.mp4,pizza,0,inf
gs://sign-language-videos-100/Top 100 Videos Processed/42961_processed.mp4,pizza,0,inf
gs://sign-language-videos-100/Top 100 Videos Processed/66297_processed.mp4,pizza,0,inf
gs://sign-language-videos-100/Top 100 Videos Processed/42962_processed.mp4,pizza,0,inf
gs://sign-language-videos-100/Top 100 Videos Processed/42956_processed.mp4,pizza,0,inf
gs://sign-language-videos-100/Top 100 Videos Processed/42966_processed.mp4,pizza,0,inf
gs://sign-language-videos-100/Top 100 Videos Processed/42967_processed.mp4,pizza,0,inf
gs://sign-language-videos-100/Top 100 Videos Processed/42969_processed.mp4,pizza,0,inf
gs://sign-language-videos-100/Top 100 Videos Processed/69433_processed.mp4,play,0,inf
gs://sign-language-videos-100/Top 100 Videos Processed/43166_processed.mp4,play,0,inf
gs://sign-language-videos-100/Top 100 Videos Processed/43170_processed.mp4,play,0,inf
gs://sign-language-videos-100/Top 100 Videos Processed/43171_processed.mp4,play,0,inf
gs://sign-language-videos-100/Top 100 Videos Processed/43173_processed.mp4,play,0,inf
gs://sign-language-videos-100/Top 100 Videos Processed/43174_processed.mp4,play,0,inf
gs://sign-language-videos-100/Top 100 Videos Processed/43179_processed.mp4,play,0,inf
gs://sign-language-videos-100/Top 100 Videos Processed/43180_processed.mp4,play,0,inf
gs://sign-language-videos-100/Top 100 Videos Processed/43167_processed.mp4,play,0,inf
gs://sign-language-videos-100/Top 100 Videos Processed/43168_processed.mp4,play,0,inf
gs://sign-language-videos-100/Top 100 Videos Processed/43169_processed.mp4,play,0,inf
gs://sign-language-videos-100/Top 100 Videos Processed/50037_processed.mp4,secretary,0,inf
gs://sign-language-videos-100/Top 100 Videos Processed/50038_processed.mp4,secretary,0,inf
gs://sign-language-videos-100/Top 100 Videos Processed/50039_processed.mp4,secretary,0,inf
gs://sign-language-videos-100/Top 100 Videos Processed/50040_processed.mp4,secretary,0,inf
gs://sign-language-videos-100/Top 100 Videos Processed/50041_processed.mp4,secretary,0,inf
gs://sign-language-videos-100/Top 100 Videos Processed/50044_processed.mp4,secretary,0,inf
gs://sign-language-videos-100/Top 100 Videos Processed/50045_processed.mp4,secretary,0,inf
gs://sign-language-videos-100/Top 100 Videos Processed/66441_processed.mp4,secretary,0,inf
gs://sign-language-videos-100/Top 100 Videos Processed/50046_processed.mp4,secretary,0,inf
gs://sign-language-videos-100/Top 100 Videos Processed/50052_processed.mp4,secretary,0,inf
gs://sign-language-videos-100/Top 100 Videos Processed/51221_processed.mp4,short,0,inf
gs://sign-language-videos-100/Top 100 Videos Processed/51223_processed.mp4,short,0,inf
gs://sign-language-videos-100/Top 100 Videos Processed/51224_processed.mp4,short,0,inf
gs://sign-language-videos-100/Top 100 Videos Processed/51225_processed.mp4,short,0,inf
gs://sign-language-videos-100/Top 100 Videos Processed/51226_processed.mp4,short,0,inf
gs://sign-language-videos-100/Top 100 Videos Processed/51227_processed.mp4,short,0,inf
gs://sign-language-videos-100/Top 100 Videos Processed/66469_processed.mp4,short,0,inf
gs://sign-language-videos-100/Top 100 Videos Processed/51220_processed.mp4,short,0,inf
gs://sign-language-videos-100/Top 100 Videos Processed/51231_processed.mp4,short,0,inf
gs://sign-language-videos-100/Top 100 Videos Processed/51232_processed.mp4,short,0,inf
gs://sign-language-videos-100/Top 100 Videos Processed/51233_processed.mp4,short,0,inf
gs://sign-language-videos-100/Top 100 Videos Processed/51235_processed.mp4,short,0,inf
gs://sign-language-videos-100/Top 100 Videos Processed/51236_processed.mp4,short,0,inf
gs://sign-language-videos-100/Top 100 Videos Processed/63806_processed.mp4,work,0,inf
gs://sign-language-videos-100/Top 100 Videos Processed/63789_processed.mp4,work,0,inf
gs://sign-language-videos-100/Top 100 Videos Processed/63790_processed.mp4,work,0,inf
gs://sign-language-videos-100/Top 100 Videos Processed/63791_processed.mp4,work,0,inf
gs://sign-language-videos-100/Top 100 Videos Processed/63792_processed.mp4,work,0,inf
gs://sign-language-videos-100/Top 100 Videos Processed/63793_processed.mp4,work,0,inf
gs://sign-language-videos-100/Top 100 Videos Processed/63795_processed.mp4,work,0,inf
gs://sign-language-videos-100/Top 100 Videos Processed/66804_processed.mp4,work,0,inf
gs://sign-language-videos-100/Top 100 Videos Processed/63788_processed.mp4,work,0,inf
gs://sign-language-videos-100/Top 100 Videos Processed/63799_processed.mp4,work,0,inf
gs://sign-language-videos-100/Top 100 Videos Processed/69225_processed.mp4,basketball,0,inf
gs://sign-language-videos-100/Top 100 Videos Processed/05230_processed.mp4,basketball,0,inf
gs://sign-language-videos-100/Top 100 Videos Processed/05231_processed.mp4,basketball,0,inf
gs://sign-language-videos-100/Top 100 Videos Processed/05232_processed.mp4,basketball,0,inf
gs://sign-language-videos-100/Top 100 Videos Processed/05233_processed.mp4,basketball,0,inf
gs://sign-language-videos-100/Top 100 Videos Processed/05234_processed.mp4,basketball,0,inf
gs://sign-language-videos-100/Top 100 Videos Processed/05238_processed.mp4,basketball,0,inf
gs://sign-language-videos-100/Top 100 Videos Processed/65144_processed.mp4,basketball,0,inf
gs://sign-language-videos-100/Top 100 Videos Processed/65145_processed.mp4,basketball,0,inf
gs://sign-language-videos-100/Top 100 Videos Processed/05229_processed.mp4,basketball,0,inf
gs://sign-language-videos-100/Top 100 Videos Processed/05239_processed.mp4,basketball,0,inf
gs://sign-language-videos-100/Top 100 Videos Processed/05243_processed.mp4,basketball,0,inf
gs://sign-language-videos-100/Top 100 Videos Processed/10147_processed.mp4,cheat,0,inf
gs://sign-language-videos-100/Top 100 Videos Processed/10166_processed.mp4,cheat,0,inf
gs://sign-language-videos-100/Top 100 Videos Processed/10148_processed.mp4,cheat,0,inf
gs://sign-language-videos-100/Top 100 Videos Processed/10149_processed.mp4,cheat,0,inf
gs://sign-language-videos-100/Top 100 Videos Processed/65341_processed.mp4,cheat,0,inf
gs://sign-language-videos-100/Top 100 Videos Processed/10151_processed.mp4,cheat,0,inf
gs://sign-language-videos-100/Top 100 Videos Processed/65342_processed.mp4,cheat,0,inf
gs://sign-language-videos-100/Top 100 Videos Processed/10157_processed.mp4,cheat,0,inf
gs://sign-language-videos-100/Top 100 Videos Processed/10158_processed.mp4,cheat,0,inf
gs://sign-language-videos-100/Top 100 Videos Processed/10159_processed.mp4,cheat,0,inf
gs://sign-language-videos-100/Top 100 Videos Processed/65792_processed.mp4,full,0,inf
gs://sign-language-videos-100/Top 100 Videos Processed/23782_processed.mp4,full,0,inf
gs://sign-language-videos-100/Top 100 Videos Processed/23771_processed.mp4,full,0,inf
gs://sign-language-videos-100/Top 100 Videos Processed/23774_processed.mp4,full,0,inf
gs://sign-language-videos-100/Top 100 Videos Processed/23775_processed.mp4,full,0,inf
gs://sign-language-videos-100/Top 100 Videos Processed/23766_processed.mp4,full,0,inf
gs://sign-language-videos-100/Top 100 Videos Processed/23776_processed.mp4,full,0,inf
gs://sign-language-videos-100/Top 100 Videos Processed/23767_processed.mp4,full,0,inf
gs://sign-language-videos-100/Top 100 Videos Processed/23768_processed.mp4,full,0,inf
gs://sign-language-videos-100/Top 100 Videos Processed/23769_processed.mp4,full,0,inf
gs://sign-language-videos-100/Top 100 Videos Processed/66038_processed.mp4,letter,0,inf
gs://sign-language-videos-100/Top 100 Videos Processed/32948_processed.mp4,letter,0,inf
gs://sign-language-videos-100/Top 100 Videos Processed/32949_processed.mp4,letter,0,inf
gs://sign-language-videos-100/Top 100 Videos Processed/32950_processed.mp4,letter,0,inf
gs://sign-language-videos-100/Top 100 Videos Processed/32953_processed.mp4,letter,0,inf
gs://sign-language-videos-100/Top 100 Videos Processed/32954_processed.mp4,letter,0,inf
gs://sign-language-videos-100/Top 100 Videos Processed/32945_processed.mp4,letter,0,inf
gs://sign-language-videos-100/Top 100 Videos Processed/32955_processed.mp4,letter,0,inf
gs://sign-language-videos-100/Top 100 Videos Processed/32959_processed.mp4,letter,0,inf
gs://sign-language-videos-100/Top 100 Videos Processed/32946_processed.mp4,letter,0,inf
gs://sign-language-videos-100/Top 100 Videos Processed/32947_processed.mp4,letter,0,inf
gs://sign-language-videos-100/Top 100 Videos Processed/53273_processed.mp4,son,0,inf
gs://sign-language-videos-100/Top 100 Videos Processed/53274_processed.mp4,son,0,inf
gs://sign-language-videos-100/Top 100 Videos Processed/53275_processed.mp4,son,0,inf
gs://sign-language-videos-100/Top 100 Videos Processed/66531_processed.mp4,son,0,inf
gs://sign-language-videos-100/Top 100 Videos Processed/66532_processed.mp4,son,0,inf
gs://sign-language-videos-100/Top 100 Videos Processed/53268_processed.mp4,son,0,inf
gs://sign-language-videos-100/Top 100 Videos Processed/53279_processed.mp4,son,0,inf
gs://sign-language-videos-100/Top 100 Videos Processed/53269_processed.mp4,son,0,inf
gs://sign-language-videos-100/Top 100 Videos Processed/53270_processed.mp4,son,0,inf
gs://sign-language-videos-100/Top 100 Videos Processed/53271_processed.mp4,son,0,inf
gs://sign-language-videos-100/Top 100 Videos Processed/57278_processed.mp4,tell,0,inf
gs://sign-language-videos-100/Top 100 Videos Processed/57282_processed.mp4,tell,0,inf
gs://sign-language-videos-100/Top 100 Videos Processed/57283_processed.mp4,tell,0,inf
gs://sign-language-videos-100/Top 100 Videos Processed/57284_processed.mp4,tell,0,inf
gs://sign-language-videos-100/Top 100 Videos Processed/57285_processed.mp4,tell,0,inf
gs://sign-language-videos-100/Top 100 Videos Processed/57276_processed.mp4,tell,0,inf
gs://sign-language-videos-100/Top 100 Videos Processed/57286_processed.mp4,tell,0,inf
gs://sign-language-videos-100/Top 100 Videos Processed/57287_processed.mp4,tell,0,inf
gs://sign-language-videos-100/Top 100 Videos Processed/57291_processed.mp4,tell,0,inf
gs://sign-language-videos-100/Top 100 Videos Processed/57277_processed.mp4,tell,0,inf
gs://sign-language-videos-100/Top 100 Videos Processed/58362_processed.mp4,thursday,0,inf
gs://sign-language-videos-100/Top 100 Videos Processed/58363_processed.mp4,thursday,0,inf
gs://sign-language-videos-100/Top 100 Videos Processed/58365_processed.mp4,thursday,0,inf
gs://sign-language-videos-100/Top 100 Videos Processed/58366_processed.mp4,thursday,0,inf
gs://sign-language-videos-100/Top 100 Videos Processed/66637_processed.mp4,thursday,0,inf
gs://sign-language-videos-100/Top 100 Videos Processed/66638_processed.mp4,thursday,0,inf
gs://sign-language-videos-100/Top 100 Videos Processed/66639_processed.mp4,thursday,0,inf
gs://sign-language-videos-100/Top 100 Videos Processed/66640_processed.mp4,thursday,0,inf
gs://sign-language-videos-100/Top 100 Videos Processed/58370_processed.mp4,thursday,0,inf
gs://sign-language-videos-100/Top 100 Videos Processed/58360_processed.mp4,thursday,0,inf
gs://sign-language-videos-100/Top 100 Videos Processed/58361_processed.mp4,thursday,0,inf
gs://sign-language-videos-100/Top 100 Videos Processed/62113_processed.mp4,wait,0,inf
gs://sign-language-videos-100/Top 100 Videos Processed/62098_processed.mp4,wait,0,inf
gs://sign-language-videos-100/Top 100 Videos Processed/62100_processed.mp4,wait,0,inf
gs://sign-language-videos-100/Top 100 Videos Processed/62101_processed.mp4,wait,0,inf
gs://sign-language-videos-100/Top 100 Videos Processed/62102_processed.mp4,wait,0,inf
gs://sign-language-videos-100/Top 100 Videos Processed/62103_processed.mp4,wait,0,inf
gs://sign-language-videos-100/Top 100 Videos Processed/62106_processed.mp4,wait,0,inf
gs://sign-language-videos-100/Top 100 Videos Processed/66740_processed.mp4,wait,0,inf
gs://sign-language-videos-100/Top 100 Videos Processed/62097_processed.mp4,wait,0,inf
gs://sign-language-videos-100/Top 100 Videos Processed/62107_processed.mp4,wait,0,inf
gs://sign-language-videos-100/Top 100 Videos Processed/65137_processed.mp4,bar,0,inf
gs://sign-language-videos-100/Top 100 Videos Processed/05103_processed.mp4,bar,0,inf
gs://sign-language-videos-100/Top 100 Videos Processed/05086_processed.mp4,bar,0,inf
gs://sign-language-videos-100/Top 100 Videos Processed/05087_processed.mp4,bar,0,inf
gs://sign-language-videos-100/Top 100 Videos Processed/05088_processed.mp4,bar,0,inf
gs://sign-language-videos-100/Top 100 Videos Processed/05089_processed.mp4,bar,0,inf
gs://sign-language-videos-100/Top 100 Videos Processed/05090_processed.mp4,bar,0,inf
gs://sign-language-videos-100/Top 100 Videos Processed/05095_processed.mp4,bar,0,inf
gs://sign-language-videos-100/Top 100 Videos Processed/05097_processed.mp4,bar,0,inf
gs://sign-language-videos-100/Top 100 Videos Processed/05098_processed.mp4,bar,0,inf
gs://sign-language-videos-100/Top 100 Videos Processed/05102_processed.mp4,bar,0,inf
gs://sign-language-videos-100/Top 100 Videos Processed/69251_processed.mp4,brother,0,inf
gs://sign-language-videos-100/Top 100 Videos Processed/07937_processed.mp4,brother,0,inf
gs://sign-language-videos-100/Top 100 Videos Processed/07938_processed.mp4,brother,0,inf
gs://sign-language-videos-100/Top 100 Videos Processed/07940_processed.mp4,brother,0,inf
gs://sign-language-videos-100/Top 100 Videos Processed/65262_processed.mp4,brother,0,inf
gs://sign-language-videos-100/Top 100 Videos Processed/07932_processed.mp4,brother,0,inf
gs://sign-language-videos-100/Top 100 Videos Processed/07943_processed.mp4,brother,0,inf
gs://sign-language-videos-100/Top 100 Videos Processed/07933_processed.mp4,brother,0,inf
gs://sign-language-videos-100/Top 100 Videos Processed/07934_processed.mp4,brother,0,inf
gs://sign-language-videos-100/Top 100 Videos Processed/07935_processed.mp4,brother,0,inf
gs://sign-language-videos-100/Top 100 Videos Processed/07936_processed.mp4,brother,0,inf
gs://sign-language-videos-100/Top 100 Videos Processed/65343_processed.mp4,check,0,inf
gs://sign-language-videos-100/Top 100 Videos Processed/10184_processed.mp4,check,0,inf
gs://sign-language-videos-100/Top 100 Videos Processed/10185_processed.mp4,check,0,inf
gs://sign-language-videos-100/Top 100 Videos Processed/10186_processed.mp4,check,0,inf
gs://sign-language-videos-100/Top 100 Videos Processed/10187_processed.mp4,check,0,inf
gs://sign-language-videos-100/Top 100 Videos Processed/10188_processed.mp4,check,0,inf
gs://sign-language-videos-100/Top 100 Videos Processed/10190_processed.mp4,check,0,inf
gs://sign-language-videos-100/Top 100 Videos Processed/10192_processed.mp4,check,0,inf
gs://sign-language-videos-100/Top 100 Videos Processed/10183_processed.mp4,check,0,inf
gs://sign-language-videos-100/Top 100 Videos Processed/10197_processed.mp4,check,0,inf
gs://sign-language-videos-100/Top 100 Videos Processed/10199_processed.mp4,check,0,inf
gs://sign-language-videos-100/Top 100 Videos Processed/14190_processed.mp4,cry,0,inf
gs://sign-language-videos-100/Top 100 Videos Processed/14175_processed.mp4,cry,0,inf
gs://sign-language-videos-100/Top 100 Videos Processed/14176_processed.mp4,cry,0,inf
gs://sign-language-videos-100/Top 100 Videos Processed/14177_processed.mp4,cry,0,inf
gs://sign-language-videos-100/Top 100 Videos Processed/14180_processed.mp4,cry,0,inf
gs://sign-language-videos-100/Top 100 Videos Processed/14182_processed.mp4,cry,0,inf
gs://sign-language-videos-100/Top 100 Videos Processed/14183_processed.mp4,cry,0,inf
gs://sign-language-videos-100/Top 100 Videos Processed/65427_processed.mp4,cry,0,inf
gs://sign-language-videos-100/Top 100 Videos Processed/14174_processed.mp4,cry,0,inf
gs://sign-language-videos-100/Top 100 Videos Processed/14188_processed.mp4,cry,0,inf
gs://sign-language-videos-100/Top 100 Videos Processed/32398_processed.mp4,laugh,0,inf
gs://sign-language-videos-100/Top 100 Videos Processed/32379_processed.mp4,laugh,0,inf
gs://sign-language-videos-100/Top 100 Videos Processed/32380_processed.mp4,laugh,0,inf
gs://sign-language-videos-100/Top 100 Videos Processed/32381_processed.mp4,laugh,0,inf
gs://sign-language-videos-100/Top 100 Videos Processed/66016_processed.mp4,laugh,0,inf
gs://sign-language-videos-100/Top 100 Videos Processed/32382_processed.mp4,laugh,0,inf
gs://sign-language-videos-100/Top 100 Videos Processed/32383_processed.mp4,laugh,0,inf
gs://sign-language-videos-100/Top 100 Videos Processed/32386_processed.mp4,laugh,0,inf
gs://sign-language-videos-100/Top 100 Videos Processed/32377_processed.mp4,laugh,0,inf
gs://sign-language-videos-100/Top 100 Videos Processed/32388_processed.mp4,laugh,0,inf
gs://sign-language-videos-100/Top 100 Videos Processed/32389_processed.mp4,laugh,0,inf
gs://sign-language-videos-100/Top 100 Videos Processed/48509_processed.mp4,room,0,inf
gs://sign-language-videos-100/Top 100 Videos Processed/48510_processed.mp4,room,0,inf
gs://sign-language-videos-100/Top 100 Videos Processed/48511_processed.mp4,room,0,inf
gs://sign-language-videos-100/Top 100 Videos Processed/48512_processed.mp4,room,0,inf
gs://sign-language-videos-100/Top 100 Videos Processed/48513_processed.mp4,room,0,inf
gs://sign-language-videos-100/Top 100 Videos Processed/48514_processed.mp4,room,0,inf
gs://sign-language-videos-100/Top 100 Videos Processed/48516_processed.mp4,room,0,inf
gs://sign-language-videos-100/Top 100 Videos Processed/66415_processed.mp4,room,0,inf
gs://sign-language-videos-100/Top 100 Videos Processed/66416_processed.mp4,room,0,inf
gs://sign-language-videos-100/Top 100 Videos Processed/48517_processed.mp4,room,0,inf
gs://sign-language-videos-100/Top 100 Videos Processed/48521_processed.mp4,room,0,inf
gs://sign-language-videos-100/Top 100 Videos Processed/69481_processed.mp4,snow,0,inf
gs://sign-language-videos-100/Top 100 Videos Processed/52862_processed.mp4,snow,0,inf
gs://sign-language-videos-100/Top 100 Videos Processed/52863_processed.mp4,snow,0,inf
gs://sign-language-videos-100/Top 100 Videos Processed/66519_processed.mp4,snow,0,inf
gs://sign-language-videos-100/Top 100 Videos Processed/66518_processed.mp4,snow,0,inf
gs://sign-language-videos-100/Top 100 Videos Processed/52857_processed.mp4,snow,0,inf
gs://sign-language-videos-100/Top 100 Videos Processed/52867_processed.mp4,snow,0,inf
gs://sign-language-videos-100/Top 100 Videos Processed/52858_processed.mp4,snow,0,inf
gs://sign-language-videos-100/Top 100 Videos Processed/52859_processed.mp4,snow,0,inf
gs://sign-language-videos-100/Top 100 Videos Processed/52860_processed.mp4,snow,0,inf
gs://sign-language-videos-100/Top 100 Videos Processed/69500_processed.mp4,take,0,inf
gs://sign-language-videos-100/Top 100 Videos Processed/56698_processed.mp4,take,0,inf
gs://sign-language-videos-100/Top 100 Videos Processed/56699_processed.mp4,take,0,inf
gs://sign-language-videos-100/Top 100 Videos Processed/56700_processed.mp4,take,0,inf
gs://sign-language-videos-100/Top 100 Videos Processed/56701_processed.mp4,take,0,inf
gs://sign-language-videos-100/Top 100 Videos Processed/56692_processed.mp4,take,0,inf
gs://sign-language-videos-100/Top 100 Videos Processed/56702_processed.mp4,take,0,inf
gs://sign-language-videos-100/Top 100 Videos Processed/56704_processed.mp4,take,0,inf
gs://sign-language-videos-100/Top 100 Videos Processed/56705_processed.mp4,take,0,inf
gs://sign-language-videos-100/Top 100 Videos Processed/56693_processed.mp4,take,0,inf
gs://sign-language-videos-100/Top 100 Videos Processed/56694_processed.mp4,take,0,inf
gs://sign-language-videos-100/Top 100 Videos Processed/63283_processed.mp4,why,0,inf
gs://sign-language-videos-100/Top 100 Videos Processed/63284_processed.mp4,why,0,inf
gs://sign-language-videos-100/Top 100 Videos Processed/63285_processed.mp4,why,0,inf
gs://sign-language-videos-100/Top 100 Videos Processed/63287_processed.mp4,why,0,inf
gs://sign-language-videos-100/Top 100 Videos Processed/63288_processed.mp4,why,0,inf
gs://sign-language-videos-100/Top 100 Videos Processed/66781_processed.mp4,why,0,inf
gs://sign-language-videos-100/Top 100 Videos Processed/63289_processed.mp4,why,0,inf
gs://sign-language-videos-100/Top 100 Videos Processed/63292_processed.mp4,why,0,inf
gs://sign-language-videos-100/Top 100 Videos Processed/63280_processed.mp4,why,0,inf
gs://sign-language-videos-100/Top 100 Videos Processed/63281_processed.mp4,why,0,inf
gs://sign-language-videos-100/Top 100 Videos Processed/63282_processed.mp4,why,0,inf
gs://sign-language-videos-100/Top 100 Videos Processed/69544_processed.mp4,write,0,inf
gs://sign-language-videos-100/Top 100 Videos Processed/64060_processed.mp4,write,0,inf
gs://sign-language-videos-100/Top 100 Videos Processed/64061_processed.mp4,write,0,inf
gs://sign-language-videos-100/Top 100 Videos Processed/64065_processed.mp4,write,0,inf
gs://sign-language-videos-100/Top 100 Videos Processed/66815_processed.mp4,write,0,inf
gs://sign-language-videos-100/Top 100 Videos Processed/64056_processed.mp4,write,0,inf
gs://sign-language-videos-100/Top 100 Videos Processed/64068_processed.mp4,write,0,inf
gs://sign-language-videos-100/Top 100 Videos Processed/64057_processed.mp4,write,0,inf
gs://sign-language-videos-100/Top 100 Videos Processed/64058_processed.mp4,write,0,inf
gs://sign-language-videos-100/Top 100 Videos Processed/64059_processed.mp4,write,0,inf
gs://sign-language-videos-100/Top 100 Videos Processed/64307_processed.mp4,yesterday,0,inf
gs://sign-language-videos-100/Top 100 Videos Processed/64308_processed.mp4,yesterday,0,inf
gs://sign-language-videos-100/Top 100 Videos Processed/64309_processed.mp4,yesterday,0,inf
gs://sign-language-videos-100/Top 100 Videos Processed/64311_processed.mp4,yesterday,0,inf
gs://sign-language-videos-100/Top 100 Videos Processed/66821_processed.mp4,yesterday,0,inf
gs://sign-language-videos-100/Top 100 Videos Processed/66822_processed.mp4,yesterday,0,inf
gs://sign-language-videos-100/Top 100 Videos Processed/64315_processed.mp4,yesterday,0,inf
gs://sign-language-videos-100/Top 100 Videos Processed/64304_processed.mp4,yesterday,0,inf
gs://sign-language-videos-100/Top 100 Videos Processed/64305_processed.mp4,yesterday,0,inf
gs://sign-language-videos-100/Top 100 Videos Processed/64306_processed.mp4,yesterday,0,inf
gs://sign-language-videos-100/Top 100 Videos Processed/65290_processed.mp4,call,0,inf
gs://sign-language-videos-100/Top 100 Videos Processed/08706_processed.mp4,call,0,inf
gs://sign-language-videos-100/Top 100 Videos Processed/08707_processed.mp4,call,0,inf
gs://sign-language-videos-100/Top 100 Videos Processed/65556_processed.mp4,call,0,inf
gs://sign-language-videos-100/Top 100 Videos Processed/08713_processed.mp4,call,0,inf
gs://sign-language-videos-100/Top 100 Videos Processed/08689_processed.mp4,call,0,inf
gs://sign-language-videos-100/Top 100 Videos Processed/08690_processed.mp4,call,0,inf
gs://sign-language-videos-100/Top 100 Videos Processed/08691_processed.mp4,call,0,inf
gs://sign-language-videos-100/Top 100 Videos Processed/08692_processed.mp4,call,0,inf
gs://sign-language-videos-100/Top 100 Videos Processed/08694_processed.mp4,call,0,inf
gs://sign-language-videos-100/Top 100 Videos Processed/08701_processed.mp4,call,0,inf
gs://sign-language-videos-100/Top 100 Videos Processed/08702_processed.mp4,call,0,inf
gs://sign-language-videos-100/Top 100 Videos Processed/65377_processed.mp4,cold,0,inf
gs://sign-language-videos-100/Top 100 Videos Processed/11638_processed.mp4,cold,0,inf
gs://sign-language-videos-100/Top 100 Videos Processed/11622_processed.mp4,cold,0,inf
gs://sign-language-videos-100/Top 100 Videos Processed/11623_processed.mp4,cold,0,inf
gs://sign-language-videos-100/Top 100 Videos Processed/11624_processed.mp4,cold,0,inf
gs://sign-language-videos-100/Top 100 Videos Processed/11625_processed.mp4,cold,0,inf
gs://sign-language-videos-100/Top 100 Videos Processed/11627_processed.mp4,cold,0,inf
gs://sign-language-videos-100/Top 100 Videos Processed/11628_processed.mp4,cold,0,inf
gs://sign-language-videos-100/Top 100 Videos Processed/11621_processed.mp4,cold,0,inf
gs://sign-language-videos-100/Top 100 Videos Processed/11633_processed.mp4,cold,0,inf
gs://sign-language-videos-100/Top 100 Videos Processed/11634_processed.mp4,cold,0,inf
gs://sign-language-videos-100/Top 100 Videos Processed/11635_processed.mp4,cold,0,inf
gs://sign-language-videos-100/Top 100 Videos Processed/20067_processed.mp4,example,0,inf
gs://sign-language-videos-100/Top 100 Videos Processed/20068_processed.mp4,example,0,inf
gs://sign-language-videos-100/Top 100 Videos Processed/20070_processed.mp4,example,0,inf
gs://sign-language-videos-100/Top 100 Videos Processed/20071_processed.mp4,example,0,inf
gs://sign-language-videos-100/Top 100 Videos Processed/20072_processed.mp4,example,0,inf
gs://sign-language-videos-100/Top 100 Videos Processed/65652_processed.mp4,example,0,inf
gs://sign-language-videos-100/Top 100 Videos Processed/65653_processed.mp4,example,0,inf
gs://sign-language-videos-100/Top 100 Videos Processed/65654_processed.mp4,example,0,inf
gs://sign-language-videos-100/Top 100 Videos Processed/20074_processed.mp4,example,0,inf
gs://sign-language-videos-100/Top 100 Videos Processed/20077_processed.mp4,example,0,inf
gs://sign-language-videos-100/Top 100 Videos Processed/20066_processed.mp4,example,0,inf
gs://sign-language-videos-100/Top 100 Videos Processed/21073_processed.mp4,far,0,inf
gs://sign-language-videos-100/Top 100 Videos Processed/21074_processed.mp4,far,0,inf
gs://sign-language-videos-100/Top 100 Videos Processed/21075_processed.mp4,far,0,inf
gs://sign-language-videos-100/Top 100 Videos Processed/21077_processed.mp4,far,0,inf
gs://sign-language-videos-100/Top 100 Videos Processed/21078_processed.mp4,far,0,inf
gs://sign-language-videos-100/Top 100 Videos Processed/65682_processed.mp4,far,0,inf
gs://sign-language-videos-100/Top 100 Videos Processed/21069_processed.mp4,far,0,inf
gs://sign-language-videos-100/Top 100 Videos Processed/21081_processed.mp4,far,0,inf
gs://sign-language-videos-100/Top 100 Videos Processed/21070_processed.mp4,far,0,inf
gs://sign-language-videos-100/Top 100 Videos Processed/21071_processed.mp4,far,0,inf
gs://sign-language-videos-100/Top 100 Videos Processed/21072_processed.mp4,far,0,inf
gs://sign-language-videos-100/Top 100 Videos Processed/69347_processed.mp4,good,0,inf
gs://sign-language-videos-100/Top 100 Videos Processed/25072_processed.mp4,good,0,inf
gs://sign-language-videos-100/Top 100 Videos Processed/25073_processed.mp4,good,0,inf
gs://sign-language-videos-100/Top 100 Videos Processed/65835_processed.mp4,good,0,inf
gs://sign-language-videos-100/Top 100 Videos Processed/25066_processed.mp4,good,0,inf
gs://sign-language-videos-100/Top 100 Videos Processed/25076_processed.mp4,good,0,inf
gs://sign-language-videos-100/Top 100 Videos Processed/25067_processed.mp4,good,0,inf
gs://sign-language-videos-100/Top 100 Videos Processed/25068_processed.mp4,good,0,inf
gs://sign-language-videos-100/Top 100 Videos Processed/25069_processed.mp4,good,0,inf
gs://sign-language-videos-100/Top 100 Videos Processed/25070_processed.mp4,good,0,inf
gs://sign-language-videos-100/Top 100 Videos Processed/32655_processed.mp4,leave,0,inf
gs://sign-language-videos-100/Top 100 Videos Processed/32677_processed.mp4,leave,0,inf
gs://sign-language-videos-100/Top 100 Videos Processed/66025_processed.mp4,leave,0,inf
gs://sign-language-videos-100/Top 100 Videos Processed/32657_processed.mp4,leave,0,inf
gs://sign-language-videos-100/Top 100 Videos Processed/32658_processed.mp4,leave,0,inf
gs://sign-language-videos-100/Top 100 Videos Processed/32659_processed.mp4,leave,0,inf
gs://sign-language-videos-100/Top 100 Videos Processed/32661_processed.mp4,leave,0,inf
gs://sign-language-videos-100/Top 100 Videos Processed/32662_processed.mp4,leave,0,inf
gs://sign-language-videos-100/Top 100 Videos Processed/32654_processed.mp4,leave,0,inf
gs://sign-language-videos-100/Top 100 Videos Processed/32667_processed.mp4,leave,0,inf
gs://sign-language-videos-100/Top 100 Videos Processed/32669_processed.mp4,leave,0,inf
gs://sign-language-videos-100/Top 100 Videos Processed/53295_processed.mp4,soon,0,inf
gs://sign-language-videos-100/Top 100 Videos Processed/53296_processed.mp4,soon,0,inf
gs://sign-language-videos-100/Top 100 Videos Processed/53300_processed.mp4,soon,0,inf
gs://sign-language-videos-100/Top 100 Videos Processed/53301_processed.mp4,soon,0,inf
gs://sign-language-videos-100/Top 100 Videos Processed/66533_processed.mp4,soon,0,inf
gs://sign-language-videos-100/Top 100 Videos Processed/66534_processed.mp4,soon,0,inf
gs://sign-language-videos-100/Top 100 Videos Processed/53292_processed.mp4,soon,0,inf
gs://sign-language-videos-100/Top 100 Videos Processed/53304_processed.mp4,soon,0,inf
gs://sign-language-videos-100/Top 100 Videos Processed/53305_processed.mp4,soon,0,inf
gs://sign-language-videos-100/Top 100 Videos Processed/53293_processed.mp4,soon,0,inf
gs://sign-language-videos-100/Top 100 Videos Processed/53294_processed.mp4,soon,0,inf
gs://sign-language-videos-100/Top 100 Videos Processed/59206_processed.mp4,trade,0,inf
gs://sign-language-videos-100/Top 100 Videos Processed/59207_processed.mp4,trade,0,inf
gs://sign-language-videos-100/Top 100 Videos Processed/59208_processed.mp4,trade,0,inf
gs://sign-language-videos-100/Top 100 Videos Processed/59209_processed.mp4,trade,0,inf
gs://sign-language-videos-100/Top 100 Videos Processed/59210_processed.mp4,trade,0,inf
gs://sign-language-videos-100/Top 100 Videos Processed/59211_processed.mp4,trade,0,inf
gs://sign-language-videos-100/Top 100 Videos Processed/59212_processed.mp4,trade,0,inf
gs://sign-language-videos-100/Top 100 Videos Processed/59214_processed.mp4,trade,0,inf
gs://sign-language-videos-100/Top 100 Videos Processed/59215_processed.mp4,trade,0,inf
gs://sign-language-videos-100/Top 100 Videos Processed/59216_processed.mp4,trade,0,inf
gs://sign-language-videos-100/Top 100 Videos Processed/59219_processed.mp4,trade,0,inf
gs://sign-language-videos-100/Top 100 Videos Processed/59204_processed.mp4,trade,0,inf
gs://sign-language-videos-100/Top 100 Videos Processed/59205_processed.mp4,trade,0,inf
gs://sign-language-videos-100/Top 100 Videos Processed/04801_processed.mp4,balance,0,inf
gs://sign-language-videos-100/Top 100 Videos Processed/04802_processed.mp4,balance,0,inf
gs://sign-language-videos-100/Top 100 Videos Processed/04803_processed.mp4,balance,0,inf
gs://sign-language-videos-100/Top 100 Videos Processed/65129_processed.mp4,balance,0,inf
gs://sign-language-videos-100/Top 100 Videos Processed/04795_processed.mp4,balance,0,inf
gs://sign-language-videos-100/Top 100 Videos Processed/04806_processed.mp4,balance,0,inf
gs://sign-language-videos-100/Top 100 Videos Processed/04796_processed.mp4,balance,0,inf
gs://sign-language-videos-100/Top 100 Videos Processed/04797_processed.mp4,balance,0,inf
gs://sign-language-videos-100/Top 100 Videos Processed/04798_processed.mp4,balance,0,inf
gs://sign-language-videos-100/Top 100 Videos Processed/04799_processed.mp4,balance,0,inf
gs://sign-language-videos-100/Top 100 Videos Processed/05598_processed.mp4,because,0,inf
gs://sign-language-videos-100/Top 100 Videos Processed/05599_processed.mp4,because,0,inf
gs://sign-language-videos-100/Top 100 Videos Processed/05600_processed.mp4,because,0,inf
gs://sign-language-videos-100/Top 100 Videos Processed/05601_processed.mp4,because,0,inf
gs://sign-language-videos-100/Top 100 Videos Processed/65158_processed.mp4,because,0,inf
gs://sign-language-videos-100/Top 100 Videos Processed/65159_processed.mp4,because,0,inf
gs://sign-language-videos-100/Top 100 Videos Processed/05605_processed.mp4,because,0,inf
gs://sign-language-videos-100/Top 100 Videos Processed/05606_processed.mp4,because,0,inf
gs://sign-language-videos-100/Top 100 Videos Processed/05609_processed.mp4,because,0,inf
gs://sign-language-videos-100/Top 100 Videos Processed/05596_processed.mp4,because,0,inf
gs://sign-language-videos-100/Top 100 Videos Processed/13135_processed.mp4,convince,0,inf
gs://sign-language-videos-100/Top 100 Videos Processed/13136_processed.mp4,convince,0,inf
gs://sign-language-videos-100/Top 100 Videos Processed/13137_processed.mp4,convince,0,inf
gs://sign-language-videos-100/Top 100 Videos Processed/13138_processed.mp4,convince,0,inf
gs://sign-language-videos-100/Top 100 Videos Processed/65400_processed.mp4,convince,0,inf
gs://sign-language-videos-100/Top 100 Videos Processed/65401_processed.mp4,convince,0,inf
gs://sign-language-videos-100/Top 100 Videos Processed/13143_processed.mp4,convince,0,inf
gs://sign-language-videos-100/Top 100 Videos Processed/13144_processed.mp4,convince,0,inf
gs://sign-language-videos-100/Top 100 Videos Processed/13148_processed.mp4,convince,0,inf
gs://sign-language-videos-100/Top 100 Videos Processed/13134_processed.mp4,convince,0,inf
gs://sign-language-videos-100/Top 100 Videos Processed/65692_processed.mp4,fat,0,inf
gs://sign-language-videos-100/Top 100 Videos Processed/21252_processed.mp4,fat,0,inf
gs://sign-language-videos-100/Top 100 Videos Processed/21233_processed.mp4,fat,0,inf
gs://sign-language-videos-100/Top 100 Videos Processed/21234_processed.mp4,fat,0,inf
gs://sign-language-videos-100/Top 100 Videos Processed/21236_processed.mp4,fat,0,inf
gs://sign-language-videos-100/Top 100 Videos Processed/21231_processed.mp4,fat,0,inf
gs://sign-language-videos-100/Top 100 Videos Processed/21237_processed.mp4,fat,0,inf
gs://sign-language-videos-100/Top 100 Videos Processed/21241_processed.mp4,fat,0,inf
gs://sign-language-videos-100/Top 100 Videos Processed/21242_processed.mp4,fat,0,inf
gs://sign-language-videos-100/Top 100 Videos Processed/21243_processed.mp4,fat,0,inf
gs://sign-language-videos-100/Top 100 Videos Processed/25244_processed.mp4,government,0,inf
gs://sign-language-videos-100/Top 100 Videos Processed/25245_processed.mp4,government,0,inf
gs://sign-language-videos-100/Top 100 Videos Processed/25246_processed.mp4,government,0,inf
gs://sign-language-videos-100/Top 100 Videos Processed/25247_processed.mp4,government,0,inf
gs://sign-language-videos-100/Top 100 Videos Processed/65840_processed.mp4,government,0,inf
gs://sign-language-videos-100/Top 100 Videos Processed/25250_processed.mp4,government,0,inf
gs://sign-language-videos-100/Top 100 Videos Processed/25253_processed.mp4,government,0,inf
gs://sign-language-videos-100/Top 100 Videos Processed/25241_processed.mp4,government,0,inf
gs://sign-language-videos-100/Top 100 Videos Processed/25242_processed.mp4,government,0,inf
gs://sign-language-videos-100/Top 100 Videos Processed/25243_processed.mp4,government,0,inf
gs://sign-language-videos-100/Top 100 Videos Processed/65950_processed.mp4,interest,0,inf
gs://sign-language-videos-100/Top 100 Videos Processed/30153_processed.mp4,interest,0,inf
gs://sign-language-videos-100/Top 100 Videos Processed/30154_processed.mp4,interest,0,inf
gs://sign-language-videos-100/Top 100 Videos Processed/30155_processed.mp4,interest,0,inf
gs://sign-language-videos-100/Top 100 Videos Processed/30156_processed.mp4,interest,0,inf
gs://sign-language-videos-100/Top 100 Videos Processed/30160_processed.mp4,interest,0,inf
gs://sign-language-videos-100/Top 100 Videos Processed/30152_processed.mp4,interest,0,inf
gs://sign-language-videos-100/Top 100 Videos Processed/30162_processed.mp4,interest,0,inf
gs://sign-language-videos-100/Top 100 Videos Processed/30166_processed.mp4,interest,0,inf
gs://sign-language-videos-100/Top 100 Videos Processed/30168_processed.mp4,interest,0,inf
gs://sign-language-videos-100/Top 100 Videos Processed/66248_processed.mp4,order,0,inf
gs://sign-language-videos-100/Top 100 Videos Processed/40183_processed.mp4,order,0,inf
gs://sign-language-videos-100/Top 100 Videos Processed/40184_processed.mp4,order,0,inf
gs://sign-language-videos-100/Top 100 Videos Processed/40171_processed.mp4,order,0,inf
gs://sign-language-videos-100/Top 100 Videos Processed/40172_processed.mp4,order,0,inf
gs://sign-language-videos-100/Top 100 Videos Processed/40177_processed.mp4,order,0,inf
gs://sign-language-videos-100/Top 100 Videos Processed/40178_processed.mp4,order,0,inf
gs://sign-language-videos-100/Top 100 Videos Processed/66249_processed.mp4,order,0,inf
gs://sign-language-videos-100/Top 100 Videos Processed/40169_processed.mp4,order,0,inf
gs://sign-language-videos-100/Top 100 Videos Processed/40179_processed.mp4,order,0,inf
gs://sign-language-videos-100/Top 100 Videos Processed/49250_processed.mp4,sandwich,0,inf
gs://sign-language-videos-100/Top 100 Videos Processed/49251_processed.mp4,sandwich,0,inf
gs://sign-language-videos-100/Top 100 Videos Processed/49252_processed.mp4,sandwich,0,inf
gs://sign-language-videos-100/Top 100 Videos Processed/66423_processed.mp4,sandwich,0,inf
gs://sign-language-videos-100/Top 100 Videos Processed/66424_processed.mp4,sandwich,0,inf
gs://sign-language-videos-100/Top 100 Videos Processed/49255_processed.mp4,sandwich,0,inf
gs://sign-language-videos-100/Top 100 Videos Processed/49245_processed.mp4,sandwich,0,inf
gs://sign-language-videos-100/Top 100 Videos Processed/49246_processed.mp4,sandwich,0,inf
gs://sign-language-videos-100/Top 100 Videos Processed/49247_processed.mp4,sandwich,0,inf
gs://sign-language-videos-100/Top 100 Videos Processed/49248_processed.mp4,sandwich,0,inf
gs://sign-language-videos-100/Top 100 Videos Processed/57785_processed.mp4,theory,0,inf
gs://sign-language-videos-100/Top 100 Videos Processed/57788_processed.mp4,theory,0,inf
gs://sign-language-videos-100/Top 100 Videos Processed/57789_processed.mp4,theory,0,inf
gs://sign-language-videos-100/Top 100 Videos Processed/66603_processed.mp4,theory,0,inf
gs://sign-language-videos-100/Top 100 Videos Processed/66604_processed.mp4,theory,0,inf
gs://sign-language-videos-100/Top 100 Videos Processed/57791_processed.mp4,theory,0,inf
gs://sign-language-videos-100/Top 100 Videos Processed/57794_processed.mp4,theory,0,inf
gs://sign-language-videos-100/Top 100 Videos Processed/57782_processed.mp4,theory,0,inf
gs://sign-language-videos-100/Top 100 Videos Processed/57783_processed.mp4,theory,0,inf
gs://sign-language-videos-100/Top 100 Videos Processed/57784_processed.mp4,theory,0,inf
gs://sign-language-videos-100/Top 100 Videos Processed/09920_processed.mp4,champion,0,inf
gs://sign-language-videos-100/Top 100 Videos Processed/09921_processed.mp4,champion,0,inf
gs://sign-language-videos-100/Top 100 Videos Processed/09922_processed.mp4,champion,0,inf
gs://sign-language-videos-100/Top 100 Videos Processed/65330_processed.mp4,champion,0,inf
gs://sign-language-videos-100/Top 100 Videos Processed/09924_processed.mp4,champion,0,inf
gs://sign-language-videos-100/Top 100 Videos Processed/09926_processed.mp4,champion,0,inf
gs://sign-language-videos-100/Top 100 Videos Processed/09915_processed.mp4,champion,0,inf
gs://sign-language-videos-100/Top 100 Videos Processed/09916_processed.mp4,champion,0,inf
gs://sign-language-videos-100/Top 100 Videos Processed/09917_processed.mp4,champion,0,inf
gs://sign-language-videos-100/Top 100 Videos Processed/09918_processed.mp4,champion,0,inf
gs://sign-language-videos-100/Top 100 Videos Processed/09919_processed.mp4,champion,0,inf
gs://sign-language-videos-100/Top 100 Videos Processed/15325_processed.mp4,delay,0,inf
gs://sign-language-videos-100/Top 100 Videos Processed/15326_processed.mp4,delay,0,inf
gs://sign-language-videos-100/Top 100 Videos Processed/15327_processed.mp4,delay,0,inf
gs://sign-language-videos-100/Top 100 Videos Processed/15328_processed.mp4,delay,0,inf
gs://sign-language-videos-100/Top 100 Videos Processed/15319_processed.mp4,delay,0,inf
gs://sign-language-videos-100/Top 100 Videos Processed/15330_processed.mp4,delay,0,inf
gs://sign-language-videos-100/Top 100 Videos Processed/15332_processed.mp4,delay,0,inf
gs://sign-language-videos-100/Top 100 Videos Processed/15320_processed.mp4,delay,0,inf
gs://sign-language-videos-100/Top 100 Videos Processed/15321_processed.mp4,delay,0,inf
gs://sign-language-videos-100/Top 100 Videos Processed/15322_processed.mp4,delay,0,inf
gs://sign-language-videos-100/Top 100 Videos Processed/15323_processed.mp4,delay,0,inf
gs://sign-language-videos-100/Top 100 Videos Processed/15363_processed.mp4,delicious,0,inf
gs://sign-language-videos-100/Top 100 Videos Processed/15364_processed.mp4,delicious,0,inf
gs://sign-language-videos-100/Top 100 Videos Processed/15365_processed.mp4,delicious,0,inf
gs://sign-language-videos-100/Top 100 Videos Processed/15366_processed.mp4,delicious,0,inf
gs://sign-language-videos-100/Top 100 Videos Processed/15369_processed.mp4,delicious,0,inf
gs://sign-language-videos-100/Top 100 Videos Processed/65457_processed.mp4,delicious,0,inf
gs://sign-language-videos-100/Top 100 Videos Processed/15370_processed.mp4,delicious,0,inf
gs://sign-language-videos-100/Top 100 Videos Processed/15374_processed.mp4,delicious,0,inf
gs://sign-language-videos-100/Top 100 Videos Processed/15361_processed.mp4,delicious,0,inf
gs://sign-language-videos-100/Top 100 Videos Processed/15362_processed.mp4,delicious,0,inf
gs://sign-language-videos-100/Top 100 Videos Processed/19410_processed.mp4,environment,0,inf
gs://sign-language-videos-100/Top 100 Videos Processed/19411_processed.mp4,environment,0,inf
gs://sign-language-videos-100/Top 100 Videos Processed/19412_processed.mp4,environment,0,inf
gs://sign-language-videos-100/Top 100 Videos Processed/19414_processed.mp4,environment,0,inf
gs://sign-language-videos-100/Top 100 Videos Processed/65638_processed.mp4,environment,0,inf
gs://sign-language-videos-100/Top 100 Videos Processed/65639_processed.mp4,environment,0,inf
gs://sign-language-videos-100/Top 100 Videos Processed/19406_processed.mp4,environment,0,inf
gs://sign-language-videos-100/Top 100 Videos Processed/19418_processed.mp4,environment,0,inf
gs://sign-language-videos-100/Top 100 Videos Processed/19407_processed.mp4,environment,0,inf
gs://sign-language-videos-100/Top 100 Videos Processed/19408_processed.mp4,environment,0,inf
gs://sign-language-videos-100/Top 100 Videos Processed/19409_processed.mp4,environment,0,inf
gs://sign-language-videos-100/Top 100 Videos Processed/66151_processed.mp4,move,0,inf
gs://sign-language-videos-100/Top 100 Videos Processed/37102_processed.mp4,move,0,inf
gs://sign-language-videos-100/Top 100 Videos Processed/37086_processed.mp4,move,0,inf
gs://sign-language-videos-100/Top 100 Videos Processed/37087_processed.mp4,move,0,inf
gs://sign-language-videos-100/Top 100 Videos Processed/37089_processed.mp4,move,0,inf
gs://sign-language-videos-100/Top 100 Videos Processed/37093_processed.mp4,move,0,inf
gs://sign-language-videos-100/Top 100 Videos Processed/37094_processed.mp4,move,0,inf
gs://sign-language-videos-100/Top 100 Videos Processed/37085_processed.mp4,move,0,inf
gs://sign-language-videos-100/Top 100 Videos Processed/37097_processed.mp4,move,0,inf
gs://sign-language-videos-100/Top 100 Videos Processed/37098_processed.mp4,move,0,inf
gs://sign-language-videos-100/Top 100 Videos Processed/42246_processed.mp4,perspective,0,inf
gs://sign-language-videos-100/Top 100 Videos Processed/42247_processed.mp4,perspective,0,inf
gs://sign-language-videos-100/Top 100 Videos Processed/42248_processed.mp4,perspective,0,inf
gs://sign-language-videos-100/Top 100 Videos Processed/42251_processed.mp4,perspective,0,inf
gs://sign-language-videos-100/Top 100 Videos Processed/66281_processed.mp4,perspective,0,inf
gs://sign-language-videos-100/Top 100 Videos Processed/42252_processed.mp4,perspective,0,inf
gs://sign-language-videos-100/Top 100 Videos Processed/42253_processed.mp4,perspective,0,inf
gs://sign-language-videos-100/Top 100 Videos Processed/42256_processed.mp4,perspective,0,inf
gs://sign-language-videos-100/Top 100 Videos Processed/42243_processed.mp4,perspective,0,inf
gs://sign-language-videos-100/Top 100 Videos Processed/42245_processed.mp4,perspective,0,inf
gs://sign-language-videos-100/Top 100 Videos Processed/51708_processed.mp4,silly,0,inf
gs://sign-language-videos-100/Top 100 Videos Processed/51709_processed.mp4,silly,0,inf
gs://sign-language-videos-100/Top 100 Videos Processed/51710_processed.mp4,silly,0,inf
gs://sign-language-videos-100/Top 100 Videos Processed/66481_processed.mp4,silly,0,inf
gs://sign-language-videos-100/Top 100 Videos Processed/51712_processed.mp4,silly,0,inf
gs://sign-language-videos-100/Top 100 Videos Processed/51713_processed.mp4,silly,0,inf
gs://sign-language-videos-100/Top 100 Videos Processed/51703_processed.mp4,silly,0,inf
gs://sign-language-videos-100/Top 100 Videos Processed/51704_processed.mp4,silly,0,inf
gs://sign-language-videos-100/Top 100 Videos Processed/51705_processed.mp4,silly,0,inf
gs://sign-language-videos-100/Top 100 Videos Processed/51706_processed.mp4,silly,0,inf
gs://sign-language-videos-100/Top 100 Videos Processed/69499_processed.mp4,sweet,0,inf
gs://sign-language-videos-100/Top 100 Videos Processed/56312_processed.mp4,sweet,0,inf
gs://sign-language-videos-100/Top 100 Videos Processed/56313_processed.mp4,sweet,0,inf
gs://sign-language-videos-100/Top 100 Videos Processed/56314_processed.mp4,sweet,0,inf
gs://sign-language-videos-100/Top 100 Videos Processed/66585_processed.mp4,sweet,0,inf
gs://sign-language-videos-100/Top 100 Videos Processed/56306_processed.mp4,sweet,0,inf
gs://sign-language-videos-100/Top 100 Videos Processed/56317_processed.mp4,sweet,0,inf
gs://sign-language-videos-100/Top 100 Videos Processed/56307_processed.mp4,sweet,0,inf
gs://sign-language-videos-100/Top 100 Videos Processed/56308_processed.mp4,sweet,0,inf
gs://sign-language-videos-100/Top 100 Videos Processed/56309_processed.mp4,sweet,0,inf
gs://sign-language-videos-100/Top 100 Videos Processed/03062_processed.mp4,appointment,0,inf
gs://sign-language-videos-100/Top 100 Videos Processed/03063_processed.mp4,appointment,0,inf
gs://sign-language-videos-100/Top 100 Videos Processed/65087_processed.mp4,appointment,0,inf
gs://sign-language-videos-100/Top 100 Videos Processed/03055_processed.mp4,appointment,0,inf
gs://sign-language-videos-100/Top 100 Videos Processed/03056_processed.mp4,appointment,0,inf
gs://sign-language-videos-100/Top 100 Videos Processed/03057_processed.mp4,appointment,0,inf
gs://sign-language-videos-100/Top 100 Videos Processed/03058_processed.mp4,appointment,0,inf
gs://sign-language-videos-100/Top 100 Videos Processed/03059_processed.mp4,appointment,0,inf
gs://sign-language-videos-100/Top 100 Videos Processed/03060_processed.mp4,appointment,0,inf
gs://sign-language-videos-100/Top 100 Videos Processed/03061_processed.mp4,appointment,0,inf
gs://sign-language-videos-100/Top 100 Videos Processed/46305_processed.mp4,ready,0,inf
gs://sign-language-videos-100/Top 100 Videos Processed/46288_processed.mp4,ready,0,inf
gs://sign-language-videos-100/Top 100 Videos Processed/46289_processed.mp4,ready,0,inf
gs://sign-language-videos-100/Top 100 Videos Processed/46291_processed.mp4,ready,0,inf
gs://sign-language-videos-100/Top 100 Videos Processed/46292_processed.mp4,ready,0,inf
gs://sign-language-videos-100/Top 100 Videos Processed/46293_processed.mp4,ready,0,inf
gs://sign-language-videos-100/Top 100 Videos Processed/46296_processed.mp4,ready,0,inf
gs://sign-language-videos-100/Top 100 Videos Processed/66374_processed.mp4,ready,0,inf
gs://sign-language-videos-100/Top 100 Videos Processed/46299_processed.mp4,ready,0,inf
gs://sign-language-videos-100/Top 100 Videos Processed/46300_processed.mp4,ready,0,inf
gs://sign-language-videos-100/Top 100 Videos Processed/49693_processed.mp4,score,0,inf
gs://sign-language-videos-100/Top 100 Videos Processed/49694_processed.mp4,score,0,inf
gs://sign-language-videos-100/Top 100 Videos Processed/49695_processed.mp4,score,0,inf
gs://sign-language-videos-100/Top 100 Videos Processed/49697_processed.mp4,score,0,inf
gs://sign-language-videos-100/Top 100 Videos Processed/49699_processed.mp4,score,0,inf
gs://sign-language-videos-100/Top 100 Videos Processed/49700_processed.mp4,score,0,inf
gs://sign-language-videos-100/Top 100 Videos Processed/66434_processed.mp4,score,0,inf
gs://sign-language-videos-100/Top 100 Videos Processed/49691_processed.mp4,score,0,inf
gs://sign-language-videos-100/Top 100 Videos Processed/49702_processed.mp4,score,0,inf
gs://sign-language-videos-100/Top 100 Videos Processed/49706_processed.mp4,score,0,inf
gs://sign-language-videos-100/Top 100 Videos Processed/49692_processed.mp4,score,0,inf
gs://sign-language-videos-100/Top 100 Videos Processed/53700_processed.mp4,speech,0,inf
gs://sign-language-videos-100/Top 100 Videos Processed/53701_processed.mp4,speech,0,inf
gs://sign-language-videos-100/Top 100 Videos Processed/53696_processed.mp4,speech,0,inf
gs://sign-language-videos-100/Top 100 Videos Processed/53706_processed.mp4,speech,0,inf
gs://sign-language-videos-100/Top 100 Videos Processed/53707_processed.mp4,speech,0,inf
gs://sign-language-videos-100/Top 100 Videos Processed/53709_processed.mp4,speech,0,inf
gs://sign-language-videos-100/Top 100 Videos Processed/53710_processed.mp4,speech,0,inf
gs://sign-language-videos-100/Top 100 Videos Processed/53697_processed.mp4,speech,0,inf
gs://sign-language-videos-100/Top 100 Videos Processed/53698_processed.mp4,speech,0,inf
gs://sign-language-videos-100/Top 100 Videos Processed/53699_processed.mp4,speech,0,inf
gs://sign-language-videos-100/Top 100 Videos Processed/66652_processed.mp4,toast,0,inf
gs://sign-language-videos-100/Top 100 Videos Processed/58654_processed.mp4,toast,0,inf
gs://sign-language-videos-100/Top 100 Videos Processed/58655_processed.mp4,toast,0,inf
gs://sign-language-videos-100/Top 100 Videos Processed/58657_processed.mp4,toast,0,inf
gs://sign-language-videos-100/Top 100 Videos Processed/58658_processed.mp4,toast,0,inf
gs://sign-language-videos-100/Top 100 Videos Processed/58649_processed.mp4,toast,0,inf
gs://sign-language-videos-100/Top 100 Videos Processed/58661_processed.mp4,toast,0,inf
gs://sign-language-videos-100/Top 100 Videos Processed/58651_processed.mp4,toast,0,inf
gs://sign-language-videos-100/Top 100 Videos Processed/58652_processed.mp4,toast,0,inf
gs://sign-language-videos-100/Top 100 Videos Processed/58653_processed.mp4,toast,0,inf
